K,N,model,heldout_MAE_mean,heldout_MAE_std,heldout_MAE_ci_low,heldout_MAE_ci_high,num_problems_used,num_splits
8,2,3B,0.08802351066597293,0.1032823376826958,0.08349696263847445,0.09255005869347141,100,2000
8,8,3B,0.1320995217555458,0.173970095037296,0.12447494616785813,0.13972409734323343,100,2000
8,16,3B,0.1602852518911036,0.22145774694513484,0.15057943819536354,0.16999106558684365,100,2000
8,32,3B,0.17379079142549989,0.25310629609763236,0.16269791890679297,0.1848836639442068,100,2000
8,48,3B,0.17368394702905035,0.26397929935265896,0.16211454413214624,0.18525334992595446,100,2000
8,64,3B,0.17264012488773525,0.271281020260365,0.16075070996250485,0.18452953981296566,100,2000
8,96,3B,0.1711082283777482,0.28287298064602895,0.15871077338878714,0.18350568336670925,100,2000
8,128,3B,0.16998685937721136,0.29227827641608733,0.1571771991267196,0.18279651962770313,100,2000
16,2,3B,0.06363532986111112,0.07300786870219104,0.06043561893782574,0.06683504078439649,100,2000
16,8,3B,0.10304506710382624,0.13267297799483024,0.09723041747138027,0.10885971673627222,100,2000
16,16,3B,0.1338717981861749,0.18392566495953624,0.12581090050890997,0.14193269586343982,100,2000
16,32,3B,0.1626245928812687,0.23890377392567935,0.1521541733411191,0.1730950124214183,100,2000
16,48,3B,0.17335223431459115,0.26365808221073955,0.1617969093796385,0.1849075592495438,100,2000
16,64,3B,0.1765902206563485,0.2764713935360176,0.16447332759264813,0.18870711372004886,100,2000
16,96,3B,0.17700598855823962,0.2906010445263906,0.16426983623632796,0.1897421408801513,100,2000
16,128,3B,0.17614066449227414,0.3004497322941205,0.1629728743977413,0.18930845458680698,100,2000
24,2,3B,0.05100192603051923,0.05830632949803126,0.048446538471507684,0.053557313589530774,100,2000
24,8,3B,0.0812395645224292,0.10312939931847402,0.07671971931427456,0.08575940973058384,100,2000
24,16,3B,0.10369360706402966,0.14140072777993237,0.09749644693210578,0.10989076719595355,100,2000
24,32,3B,0.131296555228022,0.19200594328080425,0.122881523739329,0.13971158671671502,100,2000
24,48,3B,0.1450838962264281,0.2233076678286619,0.1352970061732562,0.15487078627959996,100,2000
24,64,3B,0.1515263069546815,0.24299900358992074,0.14087640606104265,0.16217620784832035,100,2000
24,96,3B,0.15575606361626898,0.2646714502849225,0.14415632586727434,0.16735580136526362,100,2000
24,128,3B,0.15592541020470213,0.27708068673950337,0.1437818136889858,0.16806900672041847,100,2000
32,2,3B,0.045136160714285715,0.05242826637019759,0.04283839063037965,0.04743393079819178,100,2000
32,8,3B,0.07375607258739794,0.09416148916167387,0.06962926337108694,0.07788288180370895,100,2000
32,16,3B,0.09690254111990444,0.13183206887567803,0.09112474595454362,0.10268033628526527,100,2000
32,32,3B,0.12181885780563988,0.18244190904473026,0.11382298859849041,0.12981472701278934,100,2000
32,48,3B,0.13738594057514483,0.21545250827868836,0.12794331806823875,0.14682856308205092,100,2000
32,64,3B,0.14682084599791806,0.23848390798240696,0.13636882789406413,0.157272864101772,100,2000
32,96,3B,0.15517758006404386,0.26657850621791657,0.14349426190366907,0.16686089822441866,100,2000
32,128,3B,0.15726839377338692,0.28212189585587305,0.1449038565267199,0.16963293102005395,100,2000
48,2,3B,0.03975286098783695,0.04436712075116792,0.037808386187712116,0.04169733578796179,100,2000
48,8,3B,0.06251886352046344,0.078952053089926,0.059058637230087405,0.06597908981083948,100,2000
48,16,3B,0.08115528960009069,0.10921546042591032,0.07636871100344773,0.08594186819673365,100,2000
48,32,3B,0.10344221349713853,0.15230963239985168,0.0967669495403267,0.11011747745395035,100,2000
48,48,3B,0.11760524921837034,0.1828581170851571,0.10959113888958581,0.12561935954715486,100,2000
48,64,3B,0.12740947648765108,0.20628846412811283,0.11836848592386713,0.13645046705143504,100,2000
48,96,3B,0.13883399422887516,0.2397051005381145,0.1283284550014849,0.1493395334562654,100,2000
48,128,3B,0.143701584247753,0.26144477576925185,0.13224326174450116,0.15515990675100486,100,2000
64,2,3B,0.03563392469618055,0.040889785146001195,0.03384185084841288,0.037425998543948215,100,2000
64,8,3B,0.05566029494702785,0.0677144837559919,0.05269257684772967,0.05862801304632603,100,2000
64,16,3B,0.07233523926749619,0.09367671542637354,0.0682296761968916,0.07644080233810077,100,2000
64,32,3B,0.09409921463085386,0.1326860587734978,0.08828399170800602,0.09991443755370169,100,2000
64,48,3B,0.10799451852158433,0.16261832302816467,0.10086745627789562,0.11512158076527304,100,2000
64,64,3B,0.11760945691268042,0.18682836409842493,0.1094213428365969,0.12579757098876393,100,2000
64,96,3B,0.1302469275340822,0.2234740828015837,0.12045274402314855,0.14004111104501585,100,2000
64,128,3B,0.13714507527568282,0.24972529302371224,0.12620038175000214,0.14808976880136349,100,2000
96,2,3B,0.03143503472222222,0.0347436250432895,0.029912328217543655,0.03295774122690078,100,2000
96,8,3B,0.050359415054836945,0.062301050248951315,0.047628951139681755,0.053089878969992135,100,2000
96,16,3B,0.06627580679163349,0.08674747219214682,0.062473931195554396,0.07007768238771259,100,2000
96,32,3B,0.08522990157791376,0.12222418212483459,0.07987319061529503,0.09058661254053248,100,2000
96,48,3B,0.09760949416433638,0.14819245760705663,0.09111467334867855,0.10410431497999421,100,2000
96,64,3B,0.10672299013256589,0.1692034208860591,0.09930732325048187,0.11413865701464991,100,2000
96,96,3B,0.11897352110959028,0.20332890348971136,0.1100622390097179,0.12788480320946266,100,2000
96,128,3B,0.12649812334645175,0.23050178528219628,0.11639593719426114,0.13660030949864235,100,2000
128,2,3B,0.03049102783203125,0.034084518845418445,0.028997207930104175,0.03198484773395832,100,2000
128,8,3B,0.048766182811404234,0.061733243351286916,0.04606060413074595,0.05147176149206252,100,2000
128,16,3B,0.06359830154131138,0.08482418241498128,0.05988071783620287,0.06731588524641989,100,2000
128,32,3B,0.0827599082819254,0.11795605275925176,0.07759025633631153,0.08792956022753928,100,2000
128,48,3B,0.0958526243819315,0.14299524742717737,0.08958558134528272,0.10211966741858028,100,2000
128,64,3B,0.10536315383758002,0.1640555211162462,0.09817310361049848,0.11255320406466156,100,2000
128,96,3B,0.11809589733477789,0.19967572975915476,0.10934472263289027,0.1268470720366655,100,2000
128,128,3B,0.125904684605942,0.22929189193840296,0.11585552436749143,0.13595384484439257,100,2000
192,2,3B,0.03548977322048612,0.03953960543151348,0.03375687360773779,0.037222672833234445,100,2000
192,8,3B,0.05572778492301142,0.06970760477249353,0.05267271444373973,0.05878285540228311,100,2000
192,16,3B,0.07175570637492601,0.09626876684117269,0.06753654164229399,0.07597487110755803,100,2000
192,32,3B,0.09246335479317794,0.13420920964307526,0.08658137684019658,0.0983453327461593,100,2000
192,48,3B,0.10626563450884467,0.16223798770749298,0.09915524119552878,0.11337602782216057,100,2000
192,64,3B,0.115829941233588,0.18515735766649885,0.10771506224336795,0.12394482022380805,100,2000
8,2,70B,0.05629100546305931,0.08608151702054523,0.05251831663924012,0.0600636942868785,100,2000
8,8,70B,0.08229448858036997,0.14847267941228764,0.07578738650260876,0.08880159065813119,100,2000
8,16,70B,0.09804763765443089,0.1887499601589741,0.08977530591778037,0.10631996939108142,100,2000
8,32,70B,0.10810401756478742,0.21419263491944945,0.09871661144237762,0.11749142368719723,100,2000
8,48,70B,0.11080369564513558,0.22298247936552573,0.10103105760474149,0.12057633368552967,100,2000
8,64,70B,0.11236907829554735,0.22922329761386206,0.10232292433591864,0.12241523225517606,100,2000
8,96,70B,0.11485627665147746,0.23917135989261176,0.10437412963925491,0.12533842366370002,100,2000
8,128,70B,0.11694162622129531,0.24715750734564382,0.10610947086483975,0.12777378157775088,100,2000
16,2,70B,0.039643159722222224,0.05952590300735789,0.0370343219975106,0.04225199744693385,100,2000
16,8,70B,0.05799203520785929,0.10271346878320442,0.05349041895913995,0.062493651456578626,100,2000
16,16,70B,0.07543474107340718,0.14150689056217924,0.06923292815240673,0.08163655399440764,100,2000
16,32,70B,0.09451881767428949,0.18622178178939738,0.08635728824003389,0.1026803471085451,100,2000
16,48,70B,0.10293602411016033,0.20752279093716408,0.0938409367888072,0.11203111143151345,100,2000
16,64,70B,0.10664264651133408,0.21885924310709942,0.0970507172675382,0.11623457575512997,100,2000
16,96,70B,0.10971892696324675,0.23120271076502685,0.09958602139733144,0.11985183252916207,100,2000
16,128,70B,0.11131367256327375,0.23929279300417391,0.10082620351028462,0.12180114161626288,100,2000
24,2,70B,0.03389776142819395,0.0509696158746876,0.03166391952089002,0.036131603335497885,100,2000
24,8,70B,0.05158895638839411,0.08847049183376776,0.04771156612702847,0.055466346649759746,100,2000
24,16,70B,0.0672431495351939,0.1213037778606734,0.06192677706800351,0.0725595220023843,100,2000
24,32,70B,0.08524244845840638,0.16339545861631508,0.07808132674586203,0.09240357017095073,100,2000
24,48,70B,0.09524474266960961,0.18965148487499092,0.08693289987021026,0.10355658546900896,100,2000
24,64,70B,0.10105822442892745,0.20634119245260876,0.09201492294443242,0.11010152591342248,100,2000
24,96,70B,0.10664856756216994,0.22507226097963548,0.09678434080432918,0.11651279432001069,100,2000
24,128,70B,0.10937238666622255,0.23596284168019596,0.09903085916466815,0.11971391416777695,100,2000
32,2,70B,0.02970968191964286,0.044232438371487035,0.027771109835062244,0.031648254004223476,100,2000
32,8,70B,0.04628537740617709,0.07774385017217228,0.04287810294335338,0.04969265186900079,100,2000
32,16,70B,0.06020762820613858,0.1081724450965221,0.05546676177178611,0.06494849464049104,100,2000
32,32,70B,0.07783989688700198,0.14885798742974227,0.0713159079408224,0.08436388583318155,100,2000
32,48,70B,0.08850409391530618,0.17648581663291518,0.08076926196741326,0.09623892586319911,100,2000
32,64,70B,0.09579965337111576,0.1957093937308233,0.08722231101005487,0.10437699573217665,100,2000
32,96,70B,0.10357885880101515,0.2194008919887586,0.09396319074832046,0.11319452685370984,100,2000
32,128,70B,0.10727973511041383,0.2329747265411516,0.09706916752893922,0.11749030269188844,100,2000
48,2,70B,0.02492074755506246,0.03792320022821945,0.02325869002382363,0.026582805086301294,100,2000
48,8,70B,0.03954528261988766,0.06744488906032062,0.03658938002908101,0.04250118521069431,100,2000
48,16,70B,0.052110311883577426,0.09419964182120381,0.04798183055323789,0.05623879321391696,100,2000
48,32,70B,0.0671149083611638,0.13165999533087308,0.06134465465141191,0.07288516207091568,100,2000
48,48,70B,0.07769580105095682,0.15868002388598496,0.0707413423773819,0.08465025972453173,100,2000
48,64,70B,0.08598501294090603,0.17955198917119328,0.07811580005657698,0.09385422582523509,100,2000
48,96,70B,0.09734933471206487,0.20958310260219695,0.0881639502507299,0.10653471917339985,100,2000
48,128,70B,0.103992646142227,0.22959270741901902,0.09393030208405492,0.11405499020039908,100,2000
64,2,70B,0.022051296657986115,0.03391462273609847,0.020564922781350265,0.023537670534621965,100,2000
64,8,70B,0.03527710126620542,0.05998785035611675,0.032648017806286324,0.03790618472612451,100,2000
64,16,70B,0.04747600688616181,0.08491738700318253,0.043754338309870654,0.05119767546245297,100,2000
64,32,70B,0.061804604349131695,0.12045213574804559,0.056525556743205516,0.06708365195505787,100,2000
64,48,70B,0.07169441805656845,0.1464379861852287,0.06527649034124086,0.07811234577189605,100,2000
64,64,70B,0.07973845428305298,0.16719571779998113,0.07241077886831945,0.08706612969778652,100,2000
64,96,70B,0.09207532453480509,0.19927071879569339,0.08334190022101774,0.10080874884859244,100,2000
64,128,70B,0.10043869894555513,0.2231704082395079,0.09065782455911271,0.11021957333199754,100,2000
96,2,70B,0.01963167534722222,0.029059948238402192,0.018358066961421848,0.020905283733022594,100,2000
96,8,70B,0.03236016014195072,0.054868069684591465,0.02995546096321546,0.03476485932068599,100,2000
96,16,70B,0.044224376562341426,0.07858316132741985,0.040780317666288535,0.04766843545839432,100,2000
96,32,70B,0.059354834379233425,0.11171536385095145,0.054458692684277166,0.06425097607418968,100,2000
96,48,70B,0.0696389643196843,0.13701617567021845,0.06363396565649734,0.07564396298287127,100,2000
96,64,70B,0.07798159037903528,0.1583066722493803,0.07104349456238396,0.0849196861956866,100,2000
96,96,70B,0.09155215672420935,0.19363720640870147,0.08306563197675028,0.10003868147166843,100,2000
96,128,70B,0.10167260490010029,0.22217169458295685,0.09193550106952955,0.11140970873067102,100,2000
128,2,70B,0.0185814208984375,0.027348606482556152,0.017382815372013714,0.019780026424861284,100,2000
128,8,70B,0.029837029849114165,0.04933825262261006,0.027674685588711983,0.031999374109516344,100,2000
128,16,70B,0.041722029706668586,0.07188456325402984,0.03857154981527826,0.04487250959805891,100,2000
128,32,70B,0.05578609474788891,0.10408319502004497,0.05122444760003723,0.060347741895740596,100,2000
128,48,70B,0.06494536955204543,0.1279387900106196,0.05933820485615822,0.07055253424793263,100,2000
128,64,70B,0.07233170606860247,0.14767426778764384,0.06585959592310915,0.07880381621409578,100,2000
128,96,70B,0.08476271222750266,0.18084855157080093,0.07683667499058679,0.09268874946441853,100,2000
128,128,70B,0.09418459249332972,0.2090166534882603,0.08502403375899606,0.10334515122766338,100,2000
192,2,70B,0.02296240234375,0.03413597560821963,0.021466327249760227,0.024458477437739774,100,2000
192,8,70B,0.03558664328968146,0.05969051170517572,0.032970591270704876,0.038202695308658045,100,2000
192,16,70B,0.04797731839205952,0.08413587020430424,0.04428990129965022,0.05166473548446882,100,2000
192,32,70B,0.061601131770091785,0.11978097347903693,0.056351499147531355,0.06685076439265222,100,2000
192,48,70B,0.07144455104967451,0.1458390519012609,0.06505287278669786,0.07783622931265116,100,2000
192,64,70B,0.07950414482079836,0.16704055843226362,0.07218326956517865,0.08682502007641807,100,2000
8,2,MistralSmall119B,0.04762114659209157,0.0842314698076365,0.04392953966233348,0.05131275352184966,100,2000
8,8,MistralSmall119B,0.0710063268621183,0.1465258245263144,0.06458454946175742,0.07742810426247919,100,2000
8,16,MistralSmall119B,0.08773109526266597,0.18773830904833608,0.07950310109081228,0.09595908943451965,100,2000
8,32,MistralSmall119B,0.09630096592182213,0.2134548874062651,0.08694589300977068,0.10565603883387359,100,2000
8,48,MistralSmall119B,0.09664000070069548,0.22042675487164579,0.0869793722248229,0.10630062917656806,100,2000
8,64,MistralSmall119B,0.09607129303984507,0.22450359545586715,0.08623198914744941,0.10591059693224074,100,2000
8,96,MistralSmall119B,0.09482577630352143,0.23039934917498275,0.0847280796116728,0.10492347299537007,100,2000
8,128,MistralSmall119B,0.09365411836384531,0.2346566965291625,0.08336983519747629,0.10393840153021433,100,2000
16,2,MistralSmall119B,0.036479010416666666,0.06485163602177235,0.03363676215137023,0.0393212586819631,100,2000
16,8,MistralSmall119B,0.05454099174802951,0.11319388511907098,0.04958005100146404,0.05950193249459498,100,2000
16,16,MistralSmall119B,0.06863576194509927,0.1491666404623736,0.06209824568333616,0.07517327820686237,100,2000
16,32,MistralSmall119B,0.08155363499092395,0.18565270016806548,0.0734170466583932,0.0896902233234547,100,2000
16,48,MistralSmall119B,0.08641843703533521,0.20148881066945465,0.07758780055903049,0.09524907351163993,100,2000
16,64,MistralSmall119B,0.08781918869761242,0.209378849739985,0.07864275601265373,0.0969956213825711,100,2000
16,96,MistralSmall119B,0.08752230022257992,0.21739687853292133,0.07799446193206074,0.09705013851309911,100,2000
16,128,MistralSmall119B,0.0865656636250052,0.22239417298866054,0.07681880924839635,0.09631251800161406,100,2000
24,2,MistralSmall119B,0.02925060072334523,0.050679567357467384,0.02702947075278633,0.031471730693904125,100,2000
24,8,MistralSmall119B,0.04227815140405812,0.0848631001508591,0.03855886205397173,0.04599744075414451,100,2000
24,16,MistralSmall119B,0.05450630970960016,0.11422740259885455,0.04950007306235637,0.05951254635684395,100,2000
24,32,MistralSmall119B,0.06920647414361361,0.15503502745559036,0.06241176448204239,0.07600118380518484,100,2000
24,48,MistralSmall119B,0.07704435907871188,0.18037202108561257,0.06913920671113735,0.0849495114462864,100,2000
24,64,MistralSmall119B,0.0809200981261048,0.19564807408576995,0.07234544321697994,0.08949475303522966,100,2000
24,96,MistralSmall119B,0.08327026619340766,0.21076267331685977,0.07403318476614851,0.09250734762066681,100,2000
24,128,MistralSmall119B,0.08299148504594568,0.21782700031070762,0.07344479583736532,0.09253817425452604,100,2000
32,2,MistralSmall119B,0.024151466836734692,0.043031389960625666,0.022265533019616777,0.026037400653852606,100,2000
32,8,MistralSmall119B,0.03951351419116576,0.07839016951423632,0.03607791353425511,0.04294911484807642,100,2000
32,16,MistralSmall119B,0.0534409973431995,0.11073060861836512,0.048588014449211965,0.058293980237187036,100,2000
32,32,MistralSmall119B,0.0699973871405052,0.15430510994755495,0.06323466752418629,0.07676010675682411,100,2000
32,48,MistralSmall119B,0.0788368474065764,0.18192881464673913,0.07086346555290146,0.08681022926025134,100,2000
32,64,MistralSmall119B,0.08388886306084296,0.20003448844591917,0.07512196506625732,0.09265576105542861,100,2000
32,96,MistralSmall119B,0.08818544268199406,0.22026959938992854,0.07853170184878855,0.09783918351519957,100,2000
32,128,MistralSmall119B,0.08910478540467706,0.23012237359563958,0.07901922770280939,0.09919034310654473,100,2000
48,2,MistralSmall119B,0.021202734631821176,0.03819446297317561,0.019528788486607634,0.022876680777034718,100,2000
48,8,MistralSmall119B,0.03395101095191381,0.06805000137911614,0.03096858814444171,0.03693343375938591,100,2000
48,16,MistralSmall119B,0.044106448616024786,0.08961795377849432,0.040178768617623095,0.04803412861442648,100,2000
48,32,MistralSmall119B,0.05642784452492491,0.12026831241825758,0.05115685333163935,0.061698835718210464,100,2000
48,48,MistralSmall119B,0.06407270036581608,0.14361909268562592,0.0577783161052228,0.07036708462640937,100,2000
48,64,MistralSmall119B,0.06928217635691065,0.16202627522912388,0.062181061752063796,0.07638329096175751,100,2000
48,96,MistralSmall119B,0.0755581880570997,0.18788250603395676,0.06732387417371084,0.08379250194048855,100,2000
48,128,MistralSmall119B,0.07817823063484623,0.20408653885168887,0.06923374370121169,0.08712271756848078,100,2000
64,2,MistralSmall119B,0.019889973958333328,0.036096170174078665,0.01830798954969518,0.021471958366971477,100,2000
64,8,MistralSmall119B,0.030211046649201562,0.060143688781707484,0.02757513326914517,0.03284696002925796,100,2000
64,16,MistralSmall119B,0.03888850335920941,0.08147975487410153,0.0353174956537146,0.04245951106470422,100,2000
64,32,MistralSmall119B,0.05120672141889817,0.11029374416852118,0.046372884953604,0.05604055788419234,100,2000
64,48,MistralSmall119B,0.058957318715635906,0.1314718394837737,0.05319531129946779,0.06471932613180402,100,2000
64,64,MistralSmall119B,0.06409398583068687,0.14873163677281692,0.05757553444620188,0.07061243721517187,100,2000
64,96,MistralSmall119B,0.07025887701038118,0.17533501906557736,0.06257448098963087,0.0779432730311315,100,2000
64,128,MistralSmall119B,0.07356843176836879,0.19427563342409432,0.06505392672328993,0.08208293681344765,100,2000
96,2,MistralSmall119B,0.017127352430555555,0.03133598561763252,0.015753992308489107,0.018500712552622003,100,2000
96,8,MistralSmall119B,0.02671425328303831,0.053077817242409314,0.02438801537699209,0.029040491189084527,100,2000
96,16,MistralSmall119B,0.034622068084328744,0.07184046185059664,0.03147352102216362,0.037770615146493866,100,2000
96,32,MistralSmall119B,0.04620397205850503,0.0990263591300607,0.04186395051515423,0.05054399360185583,100,2000
96,48,MistralSmall119B,0.053640013322920725,0.11987637712712058,0.04838619945112893,0.05889382719471252,100,2000
96,64,MistralSmall119B,0.05902839003200088,0.13702616261454556,0.053022953671680424,0.06503382639232134,100,2000
96,96,MistralSmall119B,0.06599500702550347,0.16448947350900622,0.058785937996257406,0.07320407605474953,100,2000
96,128,MistralSmall119B,0.07039881458342848,0.18548017840530992,0.06226978735052447,0.07852784181633249,100,2000
128,2,MistralSmall119B,0.01692791748046875,0.02967894103705694,0.015627180539151027,0.01822865442178647,100,2000
128,8,MistralSmall119B,0.024857431973270002,0.04991973674684951,0.02266960304748695,0.027045260899053056,100,2000
128,16,MistralSmall119B,0.031713465214812005,0.06728396229158667,0.028764615550613406,0.0346623148790106,100,2000
128,32,MistralSmall119B,0.041867306898718704,0.0904782338173946,0.037901923465242335,0.04583269033219507,100,2000
128,48,MistralSmall119B,0.04905276383047825,0.10852939259402163,0.044296253482297154,0.05380927417865934,100,2000
128,64,MistralSmall119B,0.05410680925479494,0.12422033779165123,0.04866261291278862,0.05955100559680126,100,2000
128,96,MistralSmall119B,0.060908407269350616,0.15059290526818378,0.05430838219641725,0.06750843234228399,100,2000
128,128,MistralSmall119B,0.06491919099999927,0.17203528028154996,0.057379412407738875,0.07245896959225966,100,2000
192,2,MistralSmall119B,0.019222439236111114,0.03497736747872866,0.01768948851752513,0.020755389954697098,100,2000
192,8,MistralSmall119B,0.03013921124076043,0.06170660449215475,0.027434800059579455,0.03284362242194141,100,2000
192,16,MistralSmall119B,0.03924092890697096,0.08253345043047887,0.03562374095759982,0.042858116856342096,100,2000
192,32,MistralSmall119B,0.051151453334061237,0.11059978598615816,0.04630420399472646,0.05599870267339601,100,2000
192,48,MistralSmall119B,0.05852175089228426,0.13082095924301856,0.05278826956040153,0.06425523222416699,100,2000
192,64,MistralSmall119B,0.06347294203532614,0.1471142413251222,0.05702537613172501,0.06992050793892726,100,2000
8,2,Super120B,0.061386625260145676,0.09906223911362903,0.05704503120718198,0.06572821931310938,100,2000
8,8,Super120B,0.10707194025142885,0.16845609561379182,0.09968902634350266,0.11445485415935505,100,2000
8,16,Super120B,0.13530063899956107,0.21109874668461379,0.1260488285075457,0.14455244949157645,100,2000
8,32,Super120B,0.14901488195468,0.23874883490437854,0.13855125291653672,0.15947851099282326,100,2000
8,48,Super120B,0.15028700788948088,0.24711736545383048,0.1394566118290026,0.16111740394995916,100,2000
8,64,Super120B,0.14998992673345998,0.2525453738003815,0.13892163771833332,0.16105821574858664,100,2000
8,96,Super120B,0.1489145688608456,0.26206170633910875,0.13742920818323842,0.16039992953845275,100,2000
8,128,Super120B,0.14791207055735628,0.27117587677979293,0.1360272637483369,0.15979687736637566,100,2000
16,2,Super120B,0.044466059027777775,0.07212954738592478,0.04130484223340986,0.04762727582214569,100,2000
16,8,Super120B,0.07705069495909096,0.12449082968595925,0.07159464378712915,0.08250674613105277,100,2000
16,16,Super120B,0.103957209650834,0.16777766738368768,0.09660402917105902,0.11131039013060899,100,2000
16,32,Super120B,0.13178271001749572,0.21466175885019834,0.122374743632305,0.14119067640268645,100,2000
16,48,Super120B,0.14216085708125661,0.23617347767595068,0.13181009805016392,0.1525116161123493,100,2000
16,64,Super120B,0.14547211390158435,0.24728537711697632,0.13463435440530985,0.15630987339785885,100,2000
16,96,Super120B,0.14610001933111336,0.259692256337086,0.13471850437847288,0.15748153428375383,100,2000
16,128,Super120B,0.14510359512253568,0.26886338850304675,0.13332013758080222,0.15688705266426914,100,2000
24,2,Super120B,0.03521666501519356,0.05699414402234389,0.032718786520267426,0.0377145435101197,100,2000
24,8,Super120B,0.06527934155809519,0.10717832814722399,0.06058204422003654,0.06997663889615384,100,2000
24,16,Super120B,0.08840176790042716,0.1464305150868699,0.08198416762042199,0.09481936818043232,100,2000
24,32,Super120B,0.1166780459057324,0.19323949778564387,0.10820895150719465,0.12514714030427015,100,2000
24,48,Super120B,0.13179212937251936,0.22069726879553966,0.12211964510120212,0.1414646136438366,100,2000
24,64,Super120B,0.1393185983627385,0.23770174551440454,0.12890086004046344,0.14973633668501354,100,2000
24,96,Super120B,0.1442129708043955,0.25682357683221996,0.13295718127437442,0.15546876033441656,100,2000
24,128,Super120B,0.1444478675043694,0.2684224546651805,0.13268373474012288,0.1562120002686159,100,2000
32,2,Super120B,0.02992996651785714,0.048089600424795625,0.027822346852868485,0.0320375861828458,100,2000
32,8,Super120B,0.054778180322989284,0.09126535392590182,0.05077829982975897,0.0587780608162196,100,2000
32,16,Super120B,0.07704158213036116,0.12856567430828306,0.07140694301876335,0.08267622124195897,100,2000
32,32,Super120B,0.10618360205958106,0.17914384678961676,0.09833227680380222,0.11403492731535991,100,2000
32,48,Super120B,0.12465779987388649,0.21190971230758315,0.11537044724636777,0.1339451525014052,100,2000
32,64,Super120B,0.13609015322309806,0.23437519315830688,0.12581820748592235,0.14636209896027377,100,2000
32,96,Super120B,0.14730977325042935,0.26204779601935047,0.13582502221946532,0.15879452428139337,100,2000
32,128,Super120B,0.15117913396098975,0.27825578358593284,0.13898403655526967,0.16337423136670984,100,2000
48,2,Super120B,0.026174938876561474,0.042011789953328715,0.024333690999996594,0.028016186753126355,100,2000
48,8,Super120B,0.04631410970314072,0.07617463578408988,0.04297560909316026,0.049652610313121175,100,2000
48,16,Super120B,0.06376213960768419,0.10599188232211244,0.05911684055055032,0.06840743866481806,100,2000
48,32,Super120B,0.08843731504804893,0.14985358307013177,0.08186969219908109,0.09500493789701676,100,2000
48,48,Super120B,0.10573259685520699,0.18239499736576026,0.09773878364303858,0.1137264100673754,100,2000
48,64,Super120B,0.11829195862752036,0.2076819924849829,0.10918989399069952,0.12739402326434118,100,2000
48,96,Super120B,0.134009527550965,0.243340804130645,0.12334464658814757,0.14467440851378247,100,2000
48,128,Super120B,0.14152222022376607,0.2662936249621935,0.1298513875349162,0.15319305291261592,100,2000
64,2,Super120B,0.022591932508680558,0.03661031658567218,0.02098741464003888,0.024196450377322237,100,2000
64,8,Super120B,0.04116093621021867,0.06687064035290796,0.038230201178669036,0.044091671241768306,100,2000
64,16,Super120B,0.05563846486773111,0.09354623419735585,0.05153862038912481,0.059738309346337407,100,2000
64,32,Super120B,0.07632139771698189,0.13090335582056034,0.07058430519586863,0.08205849023809515,100,2000
64,48,Super120B,0.09125571056777647,0.15919395175586618,0.08427872801221087,0.09823269312334207,100,2000
64,64,Super120B,0.10238923740774707,0.182422903597893,0.09439420115103059,0.11038427366446354,100,2000
64,96,Super120B,0.11763680720459765,0.21805237027798538,0.10808024072170566,0.12719337368748965,100,2000
64,128,Super120B,0.1262494656905798,0.24377064855795255,0.11556574596512185,0.13693318541603774,100,2000
96,2,Super120B,0.020216249999999998,0.033554026403096716,0.018745679954459516,0.02168682004554048,100,2000
96,8,Super120B,0.03876429777919661,0.06358408951803877,0.03597760218878119,0.04155099336961204,100,2000
96,16,Super120B,0.05284635507022512,0.08898737464182185,0.04894631142099337,0.05674639871945687,100,2000
96,32,Super120B,0.07159470647179825,0.12456490774593193,0.06613540868571273,0.07705400425788377,100,2000
96,48,Super120B,0.08519492991168771,0.15136993271332772,0.07856085010947494,0.09182900971390048,100,2000
96,64,Super120B,0.09583232117763202,0.1735733636688666,0.08822513310879321,0.10343950924647083,100,2000
96,96,Super120B,0.11086696166167445,0.20966906946595276,0.10167780953641653,0.12005611378693237,100,2000
96,128,Super120B,0.12109649412933558,0.2377039941943489,0.1106786572543167,0.13151433100435445,100,2000
128,2,Super120B,0.02076910400390625,0.0332364510978229,0.019312452309788893,0.022225755698023607,100,2000
128,8,Super120B,0.0364373315066626,0.060946040775640684,0.03376625350003999,0.0391084095132852,100,2000
128,16,Super120B,0.05005433815874845,0.08443631412770577,0.04635375353083056,0.05375492278666634,100,2000
128,32,Super120B,0.06822396005776081,0.11762807076310705,0.06306868255690694,0.07337923755861468,100,2000
128,48,Super120B,0.08135316970196914,0.1435502938924591,0.07506180068143035,0.08764453872250792,100,2000
128,64,Super120B,0.0919273676068837,0.1657770025418475,0.08466187012980507,0.09919286508396234,100,2000
128,96,Super120B,0.10721158445494948,0.20260284949213356,0.09833212307451791,0.11609104583538105,100,2000
128,128,Super120B,0.11649813166144983,0.2316544639030227,0.1063454271413126,0.12665083618158707,100,2000
192,2,Super120B,0.023466905381944445,0.03833092566383163,0.021786978495617997,0.025146832268270893,100,2000
192,8,Super120B,0.04180297010065524,0.0683729520901377,0.038806393354215915,0.04479954684709457,100,2000
192,16,Super120B,0.057936463212748736,0.09555930811044339,0.053748391879919886,0.062124534545577585,100,2000
192,32,Super120B,0.07951625478775018,0.13551960672176316,0.07357684615063774,0.08545566342486262,100,2000
192,48,Super120B,0.09429347727390965,0.16550742275480726,0.08703979465192298,0.10154715989589631,100,2000
192,64,Super120B,0.10499027004956861,0.18928538082401802,0.09669447246764759,0.11328606763148963,100,2000
8,2,Super49B,0.052736277315296565,0.08342875443087752,0.049079850938059215,0.056392703692533915,100,2000
8,8,Super49B,0.0737221125143061,0.14404381068961764,0.06740911416648022,0.08003511086213198,100,2000
8,16,Super49B,0.08848705961015507,0.18501838405843443,0.08037827140685534,0.0965958478134548,100,2000
8,32,Super49B,0.09691271337142396,0.21221525442645356,0.08761196977012868,0.10621345697271924,100,2000
8,48,Super49B,0.09823605055771707,0.222076946858606,0.08850309922925262,0.10796900188618153,100,2000
8,64,Super49B,0.09876898916604293,0.22933497570782488,0.08871794069814412,0.10882003763394174,100,2000
8,96,Super49B,0.10008568503745925,0.2417847757263346,0.0894890000262662,0.1106823700486523,100,2000
8,128,Super49B,0.10166102101626782,0.2523627736268374,0.09060073480659583,0.11272130722593982,100,2000
16,2,Super49B,0.03730446180555555,0.05791726623088862,0.03476612569603644,0.03984279791507466,100,2000
16,8,Super49B,0.054036277884429613,0.10602387480229229,0.0493895766950309,0.05868297907382833,100,2000
16,16,Super49B,0.06670763235301248,0.14053910809460252,0.060548234368756726,0.07286703033726824,100,2000
16,32,Super49B,0.08040252437707976,0.17792123563311163,0.0726047824177584,0.08820026633640111,100,2000
16,48,Super49B,0.08544261095265929,0.19656600349563155,0.07682772601337809,0.09405749589194048,100,2000
16,64,Super49B,0.08722085580399211,0.20724943696176057,0.07813774874882905,0.09630396285915517,100,2000
16,96,Super49B,0.08851285284931035,0.22088402236357535,0.07883218374199899,0.0981935219566217,100,2000
16,128,Super49B,0.08950907897356981,0.2313969513675835,0.07936766043790487,0.09965049750923476,100,2000
24,2,Super49B,0.0313096574019025,0.04647043731070865,0.029273000689193116,0.03334631411461189,100,2000
24,8,Super49B,0.04635578666085263,0.08568684019472872,0.04260039531158217,0.050111178010123096,100,2000
24,16,Super49B,0.05985267546783592,0.11988035471588039,0.05459868727053059,0.06510666366514124,100,2000
24,32,Super49B,0.07461572129164872,0.16366025675510115,0.067442994288987,0.08178844829431044,100,2000
24,48,Super49B,0.08295003354752575,0.1898561324220841,0.07462922167392251,0.091270845421129,100,2000
24,64,Super49B,0.0876048031499792,0.20681420180634807,0.07854077111653267,0.09666883518342574,100,2000
24,96,Super49B,0.09211688785622162,0.2272959584231902,0.08215520326093532,0.1020785724515079,100,2000
24,128,Super49B,0.09440230890058347,0.24019338415500077,0.08387536970014395,0.104929248101023,100,2000
32,2,Super49B,0.028542251275510203,0.04262970274561682,0.026673922176793954,0.03041058037422645,100,2000
32,8,Super49B,0.04246949821003258,0.07774127289146421,0.03906233670151614,0.045876659718549026,100,2000
32,16,Super49B,0.05463799656390852,0.10883180746663601,0.049868232299561,0.05940776082825604,100,2000
32,32,Super49B,0.06987658498576517,0.15093221415693844,0.06326168904511555,0.07649148092641479,100,2000
32,48,Super49B,0.07860385820157557,0.17891225231517952,0.07076268302116259,0.08644503338198856,100,2000
32,64,Super49B,0.08379961285116272,0.19790638577038072,0.0751259830685909,0.09247324263373453,100,2000
32,96,Super49B,0.08884161151424629,0.22083476070371957,0.07916310139436933,0.09852012163412324,100,2000
32,128,Super49B,0.09079014142561494,0.23410510758338132,0.08053003271066263,0.10105025014056725,100,2000
48,2,Super49B,0.02344024541831032,0.0351233632155225,0.02190089615444317,0.024979594682177468,100,2000
48,8,Super49B,0.03490700249799267,0.06374427277447474,0.03211328656683238,0.03770071842915296,100,2000
48,16,Super49B,0.043940440023872485,0.08639409688361313,0.040154051783537835,0.047726828264207134,100,2000
48,32,Super49B,0.05571655497869676,0.11883617424238425,0.05050833000837393,0.060924779949019583,100,2000
48,48,Super49B,0.06266851497661159,0.14354141415879051,0.056377535127559664,0.06895949482566352,100,2000
48,64,Super49B,0.06763019138902922,0.1628071214768859,0.06049485468849892,0.07476552808955952,100,2000
48,96,Super49B,0.07390158507545028,0.19037952539975778,0.06555783449321735,0.0822453356576832,100,2000
48,128,Super49B,0.0772234942293858,0.20851802162506172,0.06808478899999258,0.08636219945877903,100,2000
64,2,Super49B,0.020179117838541667,0.029914923146871126,0.018868038525259187,0.021490197151824146,100,2000
64,8,Super49B,0.03250254859075381,0.05759399471387899,0.029978380480144274,0.035026716701363356,100,2000
64,16,Super49B,0.04199556147277868,0.07959855662273871,0.038507000915800206,0.04548412202975715,100,2000
64,32,Super49B,0.0528000366630431,0.10817394069529154,0.04805910468118453,0.05754096864490167,100,2000
64,48,Super49B,0.059636504819228206,0.1294257898626406,0.05396416948140864,0.06530884015704777,100,2000
64,64,Super49B,0.06390321855486335,0.1471549467957433,0.05745386865535467,0.07035256845437203,100,2000
64,96,Super49B,0.06877600110186056,0.17486189484897152,0.06111234066414884,0.0764396615395723,100,2000
64,128,Super49B,0.0714008890269135,0.19461593236779196,0.06287146972304736,0.07993030833077963,100,2000
96,2,Super49B,0.019089822048611104,0.02820248037184152,0.017853793848998496,0.020325850248223712,100,2000
96,8,Super49B,0.02871250815336301,0.050437387886468725,0.026501992166098307,0.030923024140627715,100,2000
96,16,Super49B,0.03727983617081796,0.06960591375829132,0.03422922249674723,0.04033044984488869,100,2000
96,32,Super49B,0.04760322959437109,0.0955876570742622,0.04341391581342251,0.051792543375319675,100,2000
96,48,Super49B,0.053783052224254155,0.11461620236743732,0.0487597756758515,0.05880632877265681,100,2000
96,64,Super49B,0.05785199719857246,0.13032044941043325,0.052140451677267455,0.06356354271987746,100,2000
96,96,Super49B,0.06270996942980772,0.15552185358619836,0.055893923672339745,0.06952601518727569,100,2000
96,128,Super49B,0.06518394848904395,0.1749982734318415,0.05751431099640557,0.07285358598168233,100,2000
128,2,Super49B,0.01835357666015625,0.02685356377816572,0.017176667336852598,0.0195304859834599,100,2000
128,8,Super49B,0.028576284525945184,0.05012985954571501,0.026379246562469167,0.0307733224894212,100,2000
128,16,Super49B,0.037858282176014,0.07006520258076243,0.034787539281787586,0.04092902507024042,100,2000
128,32,Super49B,0.04879817636801064,0.0967619388139745,0.044557397420685284,0.053038955315336,100,2000
128,48,Super49B,0.05525823808372493,0.1164527834856605,0.050154469818882094,0.06036200634856777,100,2000
128,64,Super49B,0.059375964118168714,0.1324501414735504,0.05357108072686799,0.06518084750946944,100,2000
128,96,Super49B,0.06424938026624553,0.15726993430339664,0.05735672149342685,0.07114203903906423,100,2000
128,128,Super49B,0.06652545640209204,0.17608809085963972,0.05880805555476189,0.07424285724942219,100,2000
192,2,Super49B,0.02111634657118055,0.030597674994736174,0.019775344338843707,0.02245734880351739,100,2000
192,8,Super49B,0.031331653342253754,0.05612348070290669,0.02887193334973605,0.03379137333477145,100,2000
192,16,Super49B,0.040925347293176234,0.07924987620923463,0.03745206832909531,0.04439862625725716,100,2000
192,32,Super49B,0.05310564212450623,0.11146894664074684,0.0482203001399537,0.057990984109058764,100,2000
192,48,Super49B,0.06043245535794187,0.13542132562419568,0.054497354079844684,0.06636755663603905,100,2000
192,64,Super49B,0.06501546911690623,0.1546770421555789,0.058236448852864116,0.07179448938094833,100,2000
