score_name,model,problem_idx,N,actual_acc,predicted_acc,MAE,mean_logprob_actual_acc,improvement_over_meanlogprob,auc
live_llm_judge_score,3B,0,1,0.7291666666666666,0.7291666666666666,0.0,0.7291666666666666,0.0,0.7692307692307693
live_llm_judge_score,3B,0,2,0.8355034722222222,0.8355034722222222,0.0,0.7408854166666673,0.09461805555555491,0.7692307692307693
live_llm_judge_score,3B,0,4,0.8532724262755593,0.8532724262755593,0.0,0.7257763897931139,0.12749603648244545,0.7692307692307693
live_llm_judge_score,3B,0,8,0.8536583619474223,0.8536583619474223,0.0,0.6966322376493927,0.15702612429802953,0.7692307692307693
live_llm_judge_score,3B,0,16,0.8536585365853301,0.8536585365853301,0.0,0.6752810929086375,0.17837744367669262,0.7692307692307693
live_llm_judge_score,3B,0,32,0.8536585365853658,0.8536585365853658,0.0,0.7066702597852103,0.14698827680015558,0.7692307692307693
live_llm_judge_score,3B,0,48,0.8536585365853658,0.8536585365853658,0.0,0.7542558212744654,0.09940271531090039,0.7692307692307693
live_llm_judge_score,3B,5,1,0.5416666666666666,0.5416666666666666,0.0,0.5416666666666666,0.0,0.7954545454545454
live_llm_judge_score,3B,5,2,0.6883680555555556,0.6883680555555556,0.0,0.5807291666666664,0.10763888888888917,0.7954545454545454
live_llm_judge_score,3B,5,4,0.7388603304639274,0.7388603304639274,0.0,0.6400135181568285,0.09884681230709891,0.7954545454545454
live_llm_judge_score,3B,5,8,0.7428356387099995,0.7428356387099995,0.0,0.7113509835314664,0.03148465517853305,0.7954545454545454
live_llm_judge_score,3B,5,16,0.7428571422346432,0.7428571422346432,0.0,0.7769758561244492,-0.03411871388980603,0.7954545454545454
live_llm_judge_score,3B,5,32,0.7428571428571429,0.7428571428571429,0.0,0.8544279706557354,-0.11157082779859251,0.7954545454545454
live_llm_judge_score,3B,5,48,0.7428571428571429,0.7428571428571429,0.0,0.9120294214496693,-0.16917227859252637,0.7954545454545454
live_llm_judge_score,3B,10,1,0.3541666666666667,0.3541666666666667,0.0,0.3541666666666667,0.0,0.7201138519924098
live_llm_judge_score,3B,10,2,0.4548611111111111,0.4548611111111111,0.0,0.3198784722222224,0.13498263888888873,0.7201138519924098
live_llm_judge_score,3B,10,4,0.49527391975308643,0.49527391975308643,0.0,0.33795260205680944,0.157321317696277,0.7201138519924098
live_llm_judge_score,3B,10,8,0.49994276965687395,0.49994276965687395,0.0,0.3657969550167931,0.13414581464008085,0.7201138519924098
live_llm_judge_score,3B,10,16,0.49999999128849076,0.49999999128849076,0.0,0.4094991594382261,0.09050083185026464,0.7201138519924098
live_llm_judge_score,3B,10,32,0.4999999999999998,0.4999999999999998,0.0,0.5275155599635027,-0.027515559963502967,0.7201138519924098
live_llm_judge_score,3B,10,48,0.5,0.5,0.0,0.6467162630699066,-0.1467162630699066,0.7201138519924098
live_llm_judge_score,3B,20,1,0.4375,0.4375,0.0,0.4375,0.0,0.5
live_llm_judge_score,3B,20,2,0.4375,0.4375,0.0,0.3997395833333336,0.03776041666666641,0.5
live_llm_judge_score,3B,20,4,0.4375,0.4375,0.0,0.3471606219256367,0.09033937807436332,0.5
live_llm_judge_score,3B,20,8,0.4375,0.4375,0.0,0.24915715735429084,0.18834284264570916,0.5
live_llm_judge_score,3B,20,16,0.4375,0.4375,0.0,0.1333815961656849,0.3041184038343151,0.5
live_llm_judge_score,3B,20,32,0.4375,0.4375,0.0,0.040193093944924325,0.3973069060550757,0.5
live_llm_judge_score,3B,20,48,0.4375,0.4375,0.0,0.011400644054294423,0.4260993559457056,0.5
live_llm_judge_score,3B,45,1,0.8958333333333334,0.8958333333333334,0.0,0.8958333333333334,0.0,0.6
live_llm_judge_score,3B,45,2,0.9144965277777778,0.9144965277777778,0.0,0.9153645833333334,-0.0008680555555555802,0.6
live_llm_judge_score,3B,45,4,0.9148934446735146,0.9148934446735146,0.0,0.946539419668692,-0.031645974995177406,0.6
live_llm_judge_score,3B,45,8,0.914893617021244,0.914893617021244,0.0,0.9817501286547852,-0.06685651163354112,0.6
live_llm_judge_score,3B,45,16,0.9148936170212766,0.9148936170212766,0.0,0.9983384851784666,-0.08344486815718999,0.6
live_llm_judge_score,3B,45,32,0.9148936170212766,0.9148936170212766,0.0,0.9999900088363098,-0.08509639181503326,0.6
live_llm_judge_score,3B,45,48,0.9148936170212766,0.9148936170212766,0.0,0.9999999506550667,-0.08510633363379017,0.6
live_llm_judge_score,3B,50,1,0.16666666666666666,0.16666666666666666,0.0,0.16666666666666666,0.0,0.75
live_llm_judge_score,3B,50,2,0.23611111111111108,0.23611111111111108,0.0,0.21788194444444467,0.018229166666666408,0.75
live_llm_judge_score,3B,50,4,0.2771026234567901,0.2771026234567901,0.0,0.2342118628231098,0.0428907606336803,0.75
live_llm_judge_score,3B,50,8,0.2854547231703556,0.2854547231703556,0.0,0.22415261446850251,0.06130210870185307,0.75
live_llm_judge_score,3B,50,16,0.28571404990978594,0.28571404990978594,0.0,0.19734333896990097,0.08837071093988497,0.75
live_llm_judge_score,3B,50,32,0.2857142857140911,0.2857142857140911,0.0,0.13720497371247986,0.14850931200161122,0.75
live_llm_judge_score,3B,50,48,0.2857142857142857,0.2857142857142857,0.0,0.08564888643972768,0.20006539927455802,0.75
live_llm_judge_score,3B,60,1,0.0,0.0,0.0,0.0,0.0,
live_llm_judge_score,3B,60,2,0.0,0.0,0.0,0.0,0.0,
live_llm_judge_score,3B,60,4,0.0,0.0,0.0,0.0,0.0,
live_llm_judge_score,3B,60,8,0.0,0.0,0.0,0.0,0.0,
live_llm_judge_score,3B,60,16,0.0,0.0,0.0,0.0,0.0,
live_llm_judge_score,3B,60,32,0.0,0.0,0.0,0.0,0.0,
live_llm_judge_score,3B,60,48,0.0,0.0,0.0,0.0,0.0,
live_llm_judge_score,3B,70,1,0.9375,0.9375,0.0,0.9375,0.0,0.6518518518518519
live_llm_judge_score,3B,70,2,0.9552951388888888,0.9552951388888888,0.0,0.9474826388888891,0.007812499999999778,0.6518518518518519
live_llm_judge_score,3B,70,4,0.9565190444757908,0.9565190444757908,0.0,0.9223721351152588,0.034146909360531996,0.6518518518518519
live_llm_judge_score,3B,70,8,0.9565217391217806,0.9565217391217806,0.0,0.8664148114910863,0.09010692763069428,0.6518518518518519
live_llm_judge_score,3B,70,16,0.9565217391304348,0.9565217391304348,0.0,0.7921213064855442,0.16440043264489057,0.6518518518518519
live_llm_judge_score,3B,70,32,0.9565217391304348,0.9565217391304348,0.0,0.7463575038768451,0.21016423525358974,0.6518518518518519
live_llm_judge_score,3B,70,48,0.9565217391304348,0.9565217391304348,0.0,0.7656434181034004,0.1908783210270344,0.6518518518518519
live_llm_judge_score,3B,80,1,0.5833333333333334,0.5833333333333334,0.0,0.5833333333333334,0.0,0.14732142857142858
live_llm_judge_score,3B,80,2,0.41189236111111105,0.41189236111111105,0.0,0.5720486111111114,-0.16015625000000033,0.14732142857142858
live_llm_judge_score,3B,80,4,0.23423013569396217,0.23423013569396217,0.0,0.5989014425395449,-0.36467130684558274,0.14732142857142858
live_llm_judge_score,3B,80,8,0.11061519807145126,0.11061519807145126,0.0,0.6391500163108091,-0.5285348182393579,0.14732142857142858
live_llm_judge_score,3B,80,16,0.05119432097096167,0.05119432097096167,0.0,0.6407055616025548,-0.5895112406315931,0.14732142857142858
live_llm_judge_score,3B,80,32,0.018055515130814288,0.018055515130814288,0.0,0.6738037498850649,-0.6557482347542506,0.14732142857142858
live_llm_judge_score,3B,80,48,0.006447682801544852,0.006447682801544852,0.0,0.7347202148350284,-0.7282725320334835,0.14732142857142858
live_llm_judge_score,3B,90,1,0.041666666666666664,0.041666666666666664,0.0,0.041666666666666664,0.0,0.8260869565217391
live_llm_judge_score,3B,90,2,0.06770833333333333,0.06770833333333333,0.0,0.03298611111111113,0.034722222222222196,0.8260869565217391
live_llm_judge_score,3B,90,4,0.09415690104166666,0.09415690104166666,0.0,0.02599946952160498,0.06815743152006168,0.8260869565217391
live_llm_judge_score,3B,90,8,0.10852410395940144,0.10852410395940144,0.0,0.010890919668039288,0.09763318429136215,0.8260869565217391
live_llm_judge_score,3B,90,16,0.11105087765708413,0.11105087765708413,0.0,0.000968501006816267,0.11008237665026786,0.8260869565217391
live_llm_judge_score,3B,90,32,0.11111107845849025,0.11111107845849025,0.0,3.886961299572759e-06,0.11110719149719067,0.8260869565217391
live_llm_judge_score,3B,90,48,0.11111111109341008,0.11111111109341008,0.0,1.1926997810973695e-08,0.11111109916641228,0.8260869565217391
live_llm_judge_score,3B,105,1,0.16666666666666666,0.16666666666666666,0.0,0.16666666666666666,0.0,0.553125
live_llm_judge_score,3B,105,2,0.18142361111111102,0.18142361111111102,0.0,0.1067708333333334,0.07465277777777762,0.553125
live_llm_judge_score,3B,105,4,0.2272527247299381,0.2272527247299381,0.0,0.0661564579716436,0.1610962667582945,0.553125
live_llm_judge_score,3B,105,8,0.3099566637473784,0.3099566637473784,0.0,0.037728716175795464,0.2722279475715829,0.553125
live_llm_judge_score,3B,105,16,0.36309135959840894,0.36309135959840894,0.0,0.012281912802580312,0.35080944679582865,0.553125
live_llm_judge_score,3B,105,32,0.28870291388761404,0.28870291388761404,0.0,0.000734508958419313,0.28796840492919473,0.553125
live_llm_judge_score,3B,105,48,0.199487765724899,0.199487765724899,0.0,3.344703191673077e-05,0.19945431869298227,0.553125
live_llm_judge_score,3B,120,1,0.08333333333333333,0.08333333333333333,0.0,0.08333333333333333,0.0,0.32386363636363635
live_llm_judge_score,3B,120,2,0.05642361111111111,0.05642361111111111,0.0,0.09201388888888909,-0.03559027777777798,0.32386363636363635
live_llm_judge_score,3B,120,4,0.04258935245466821,0.04258935245466821,0.0,0.10057388117283969,-0.05798452871817148,0.32386363636363635
live_llm_judge_score,3B,120,8,0.03864626298346122,0.03864626298346122,0.0,0.0797862991068336,-0.04114003612337238,0.32386363636363635
live_llm_judge_score,3B,120,16,0.038461898244179483,0.038461898244179483,0.0,0.03029643111811562,0.008165467126063863,0.32386363636363635
live_llm_judge_score,3B,120,32,0.038461538462902865,0.038461538462902865,0.0,0.002358797809624157,0.03610274065327871,0.32386363636363635
live_llm_judge_score,3B,120,48,0.03846153846153847,0.03846153846153847,0.0,0.00014474347810554178,0.03831679498343293,0.32386363636363635
live_llm_judge_score,3B,140,1,0.25,0.25,0.0,0.25,0.0,0.8194444444444444
live_llm_judge_score,3B,140,2,0.3697916666666667,0.3697916666666667,0.0,0.21093750000000006,0.15885416666666663,0.8194444444444444
live_llm_judge_score,3B,140,4,0.45469609013310186,0.45469609013310186,0.0,0.14875736942997675,0.3059387207031251,0.8194444444444444
live_llm_judge_score,3B,140,8,0.4786660669696831,0.4786660669696831,0.0,0.0693986122189817,0.4092674547507014,0.8194444444444444
live_llm_judge_score,3B,140,16,0.4799962929638972,0.4799962929638972,0.0,0.014488028939516395,0.4655082640243808,0.8194444444444444
live_llm_judge_score,3B,140,32,0.47999999997137055,0.47999999997137055,0.0,0.00046775208905880036,0.47953224788231175,0.8194444444444444
live_llm_judge_score,3B,140,48,0.47999999999999976,0.47999999999999976,0.0,1.2486632200055797e-05,0.4799875133677997,0.8194444444444444
live_llm_judge_score,3B,155,1,0.4166666666666667,0.4166666666666667,0.0,0.4166666666666667,0.0,0.8714285714285714
live_llm_judge_score,3B,155,2,0.5972222222222222,0.5972222222222222,0.0,0.4565972222222221,0.1406250000000001,0.8714285714285714
live_llm_judge_score,3B,155,4,0.7501778308256172,0.7501778308256172,0.0,0.4639817226080244,0.2861961082175928,0.8714285714285714
live_llm_judge_score,3B,155,8,0.8291249557111098,0.8291249557111098,0.0,0.4242895469864389,0.4048354087246709,0.8714285714285714
live_llm_judge_score,3B,155,16,0.8418714699259408,0.8418714699259408,0.0,0.2952735324826528,0.5465979374432879,0.8714285714285714
live_llm_judge_score,3B,155,32,0.8421051894554619,0.8421051894554619,0.0,0.11835638972871407,0.7237487997267478,0.8714285714285714
live_llm_judge_score,3B,155,48,0.8421052631346678,0.8421052631346678,0.0,0.043981082449352504,0.7981241806853153,0.8714285714285714
live_llm_judge_score,3B,180,1,0.4791666666666667,0.4791666666666667,0.0,0.4791666666666667,0.0,0.68
live_llm_judge_score,3B,180,2,0.5690104166666666,0.5690104166666666,0.0,0.42925347222222254,0.1397569444444441,0.68
live_llm_judge_score,3B,180,4,0.5890146891276041,0.5890146891276041,0.0,0.3091033182026429,0.2799113709249612,0.68
live_llm_judge_score,3B,180,8,0.5897426888501892,0.5897426888501892,0.0,0.1703026275653472,0.419440061284842,0.68
live_llm_judge_score,3B,180,16,0.5897435897422135,0.5897435897422135,0.0,0.05059762530994159,0.5391459644322719,0.68
live_llm_judge_score,3B,180,32,0.5897435897435898,0.5897435897435898,0.0,0.004471096999781841,0.5852724927438079,0.68
live_llm_judge_score,3B,180,48,0.5897435897435898,0.5897435897435898,0.0,0.000396426283795229,0.5893471634597945,0.68
live_llm_judge_score,3B,185,1,0.8541666666666666,0.8541666666666666,0.0,0.8541666666666666,0.0,0.4878048780487805
live_llm_judge_score,3B,185,2,0.8511284722222222,0.8511284722222222,0.0,0.8736979166666666,-0.02256944444444442,0.4878048780487805
live_llm_judge_score,3B,185,4,0.8510638578438464,0.8510638578438464,0.0,0.8703765869140626,-0.019312729070216195,0.4878048780487805
live_llm_judge_score,3B,185,8,0.8510638297872394,0.8510638297872394,0.0,0.8748701204172972,-0.02380629063005779,0.4878048780487805
live_llm_judge_score,3B,185,16,0.851063829787234,0.851063829787234,0.0,0.9110160420893808,-0.05995221230214676,0.4878048780487805
live_llm_judge_score,3B,185,32,0.851063829787234,0.851063829787234,0.0,0.9670955270757746,-0.11603169728854057,0.4878048780487805
live_llm_judge_score,3B,185,48,0.851063829787234,0.851063829787234,0.0,0.9897073263068716,-0.1386434965196376,0.4878048780487805
live_llm_judge_score,3B,195,1,0.2916666666666667,0.2916666666666667,0.0,0.2916666666666667,0.0,0.6617647058823529
live_llm_judge_score,3B,195,2,0.3585069444444444,0.3585069444444444,0.0,0.2586805555555552,0.09982638888888923,0.6617647058823529
live_llm_judge_score,3B,195,4,0.3773347831066744,0.3773347831066744,0.0,0.20869200906635774,0.16864277404031666,0.6617647058823529
live_llm_judge_score,3B,195,8,0.378375500066209,0.378375500066209,0.0,0.1530168441837831,0.2253586558824259,0.6617647058823529
live_llm_judge_score,3B,195,16,0.3783783783564832,0.3783783783564832,0.0,0.0970621630269989,0.2813162153294843,0.6617647058823529
live_llm_judge_score,3B,195,32,0.3783783783783784,0.3783783783783784,0.0,0.03381878095601201,0.3445595974223664,0.6617647058823529
live_llm_judge_score,3B,195,48,0.3783783783783784,0.3783783783783784,0.0,0.010370718657324352,0.36800765972105404,0.6617647058823529
live_llm_judge_score,3B,205,1,0.5625,0.5625,0.0,0.5625,0.0,0.6190476190476191
live_llm_judge_score,3B,205,2,0.62109375,0.62109375,0.0,0.6089409722222222,0.01215277777777779,0.6190476190476191
live_llm_judge_score,3B,205,4,0.6278330485026041,0.6278330485026041,0.0,0.5768295099705824,0.051003538532021775,0.6190476190476191
live_llm_judge_score,3B,205,8,0.6279069680400545,0.6279069680400545,0.0,0.5385999051133126,0.08930706292674195,0.6190476190476191
live_llm_judge_score,3B,205,16,0.6279069767441859,0.6279069767441859,0.0,0.493987331326482,0.13391964541770396,0.6190476190476191
live_llm_judge_score,3B,205,32,0.627906976744186,0.627906976744186,0.0,0.371653387363827,0.256253589380359,0.6190476190476191
live_llm_judge_score,3B,205,48,0.627906976744186,0.627906976744186,0.0,0.27832774119619996,0.3495792355479861,0.6190476190476191
live_llm_judge_score,3B,220,1,0.10416666666666667,0.10416666666666667,0.0,0.10416666666666667,0.0,0.9651162790697675
live_llm_judge_score,3B,220,2,0.19097222222222215,0.19097222222222215,0.0,0.05772569444444448,0.13324652777777768,0.9651162790697675
live_llm_judge_score,3B,220,4,0.32359182098765427,0.32359182098765427,0.0,0.022226027500482286,0.30136579348717196,0.9651162790697675
live_llm_judge_score,3B,220,8,0.4796449753991388,0.4796449753991388,0.0,0.005549069747848013,0.4740959056512908,0.9651162790697675
live_llm_judge_score,3B,220,16,0.5911950669172529,0.5911950669172529,0.0,0.00022695837171641414,0.5909681085455365,0.9651162790697675
live_llm_judge_score,3B,220,32,0.6231715623988335,0.6231715623988335,0.0,1.9455824701385887e-07,0.6231713678405865,0.9651162790697675
live_llm_judge_score,3B,220,48,0.6249011036627945,0.6249011036627945,0.0,1.2801062042157614e-10,0.6249011035347839,0.9651162790697675
live_llm_judge_score,3B,225,1,0.10416666666666667,0.10416666666666667,0.0,0.10416666666666667,0.0,0.5
live_llm_judge_score,3B,225,2,0.10416666666666667,0.10416666666666667,0.0,0.12022569444444452,-0.016059027777777846,0.5
live_llm_judge_score,3B,225,4,0.10416666666666667,0.10416666666666667,0.0,0.15338379659770468,-0.04921712993103801,0.5
live_llm_judge_score,3B,225,8,0.10416666666666667,0.10416666666666667,0.0,0.22751730943471032,-0.12335064276804365,0.5
live_llm_judge_score,3B,225,16,0.10416666666666667,0.10416666666666667,0.0,0.33997037113556045,-0.23580370446889376,0.5
live_llm_judge_score,3B,225,32,0.10416666666666667,0.10416666666666667,0.0,0.5058446324460404,-0.4016779657793737,0.5
live_llm_judge_score,3B,225,48,0.10416666666666667,0.10416666666666667,0.0,0.6394326275367624,-0.5352659608700958,0.5
live_llm_judge_score,3B,230,1,0.2916666666666667,0.2916666666666667,0.0,0.2916666666666667,0.0,0.8235294117647058
live_llm_judge_score,3B,230,2,0.4253472222222222,0.4253472222222222,0.0,0.3472222222222223,0.07812499999999989,0.8235294117647058
live_llm_judge_score,3B,230,4,0.5146996768904321,0.5146996768904321,0.0,0.3827733169367286,0.13192635995370344,0.8235294117647058
live_llm_judge_score,3B,230,8,0.5374129471973645,0.5374129471973645,0.0,0.46724070188335454,0.07017224531401,0.8235294117647058
live_llm_judge_score,3B,230,16,0.5384594964519226,0.5384594964519226,0.0,0.5981988361568955,-0.059739339704972916,0.8235294117647058
live_llm_judge_score,3B,230,32,0.5384615384537945,0.5384615384537945,0.0,0.7677145994494892,-0.22925306099569465,0.8235294117647058
live_llm_judge_score,3B,230,48,0.5384615384615384,0.5384615384615384,0.0,0.8749508312150384,-0.3364892927534999,0.8235294117647058
live_llm_judge_score,3B,255,1,0.2916666666666667,0.2916666666666667,0.0,0.2916666666666667,0.0,0.8109243697478992
live_llm_judge_score,3B,255,2,0.4201388888888889,0.4201388888888889,0.0,0.3107638888888886,0.10937500000000028,0.8109243697478992
live_llm_judge_score,3B,255,4,0.5241872528452932,0.5241872528452932,0.0,0.3210328655478393,0.20315438729745394,0.8109243697478992
live_llm_judge_score,3B,255,8,0.5667036129709636,0.5667036129709636,0.0,0.2681765624924849,0.2985270504784787,0.8109243697478992
live_llm_judge_score,3B,255,16,0.5713812152850132,0.5713812152850132,0.0,0.1523862971493232,0.41899491813569,0.8109243697478992
live_llm_judge_score,3B,255,32,0.5714285666715319,0.5714285666715319,0.0,0.04839049708729484,0.523038069584237,0.8109243697478992
live_llm_judge_score,3B,255,48,0.5714285714280936,0.5714285714280936,0.0,0.013719080520519228,0.5577094909075744,0.8109243697478992
live_llm_judge_score,3B,270,1,0.9583333333333334,0.9583333333333334,0.0,0.9583333333333334,0.0,0.7445652173913043
live_llm_judge_score,3B,270,2,0.9778645833333334,0.9778645833333334,0.0,0.9817708333333334,-0.00390625,0.7445652173913043
live_llm_judge_score,3B,270,4,0.9782607467086226,0.9782607467086226,0.0,0.9970646610966436,-0.01880391438802098,0.7445652173913043
live_llm_judge_score,3B,270,8,0.9782608695653794,0.9782608695653794,0.0,0.999938487937392,-0.021677618372012653,0.7445652173913043
live_llm_judge_score,3B,270,16,0.9782608695652174,0.9782608695652174,0.0,0.9999999850412297,-0.02173911547601226,0.7445652173913043
live_llm_judge_score,3B,270,32,0.9782608695652174,0.9782608695652174,0.0,0.9999999999999996,-0.02173913043478215,0.7445652173913043
live_llm_judge_score,3B,270,48,0.9782608695652174,0.9782608695652174,0.0,1.0,-0.021739130434782594,0.7445652173913043
live_llm_judge_score,3B,290,1,0.5,0.5,0.0,0.5,0.0,0.625
live_llm_judge_score,3B,290,2,0.5625,0.5625,0.0,0.584201388888889,-0.02170138888888895,0.625
live_llm_judge_score,3B,290,4,0.5712890625,0.5712890625,0.0,0.659268226152585,-0.08797916365258496,0.625
live_llm_judge_score,3B,290,8,0.5714285373687744,0.5714285373687744,0.0,0.639579887618648,-0.06815135024987362,0.625
live_llm_judge_score,3B,290,16,0.5714285714285694,0.5714285714285694,0.0,0.48629316620393986,0.08513540522462953,0.625
live_llm_judge_score,3B,290,32,0.5714285714285714,0.5714285714285714,0.0,0.25453731012013514,0.31689126130843626,0.625
live_llm_judge_score,3B,290,48,0.5714285714285714,0.5714285714285714,0.0,0.12954582079132693,0.44188275063724447,0.625
live_llm_judge_score,3B,295,1,0.020833333333333332,0.020833333333333332,0.0,0.020833333333333332,0.0,0.8936170212765957
live_llm_judge_score,3B,295,2,0.03689236111111111,0.03689236111111111,0.0,0.002170138888888889,0.034722222222222224,0.8936170212765957
live_llm_judge_score,3B,295,4,0.05881321283034335,0.05881321283034335,0.0,1.2244707272376543e-05,0.05880096812307098,0.8936170212765957
live_llm_judge_score,3B,295,8,0.0795774916229868,0.0795774916229868,0.0,2.2374595461631581e-10,0.07957749139924085,0.8936170212765957
live_llm_judge_score,3B,295,16,0.08949663434290173,0.08949663434290173,0.0,5.412757704936617e-20,0.08949663434290173,0.8936170212765957
live_llm_judge_score,3B,295,32,0.09088714554002583,0.09088714554002583,0.0,2.938729065594862e-39,0.09088714554002583,0.8936170212765957
live_llm_judge_score,3B,295,48,0.09090874994340395,0.09090874994340395,0.0,1.5930919055108464e-58,0.09090874994340395,0.8936170212765957
live_llm_judge_score,3B,310,1,0.5208333333333334,0.5208333333333334,0.0,0.5208333333333334,0.0,0.6365217391304347
live_llm_judge_score,3B,310,2,0.5889756944444444,0.5889756944444444,0.0,0.5403645833333337,0.048611111111110716,0.6365217391304347
live_llm_judge_score,3B,310,4,0.604702608084973,0.604702608084973,0.0,0.5282474093967018,0.07645519868827122,0.6365217391304347
live_llm_judge_score,3B,310,8,0.6052624894320046,0.6052624894320046,0.0,0.5565039385628614,0.04875855086914316,0.6365217391304347
live_llm_judge_score,3B,310,16,0.6052631578932339,0.6052631578932339,0.0,0.6284004692238955,-0.023137311330661547,0.6365217391304347
live_llm_judge_score,3B,310,32,0.6052631578947368,0.6052631578947368,0.0,0.7022587389056181,-0.09699558101088124,0.6365217391304347
live_llm_judge_score,3B,310,48,0.6052631578947368,0.6052631578947368,0.0,0.7538601412605778,-0.14859698336584093,0.6365217391304347
live_llm_judge_score,3B,315,1,0.125,0.125,0.0,0.125,0.0,0.8333333333333334
live_llm_judge_score,3B,315,2,0.19791666666666663,0.19791666666666663,0.0,0.1119791666666668,0.08593749999999983,0.8333333333333334
live_llm_judge_score,3B,315,4,0.2652633101851852,0.2652633101851852,0.0,0.06083283600983801,0.20443047417534715,0.8333333333333334
live_llm_judge_score,3B,315,8,0.29597787460236447,0.29597787460236447,0.0,0.022185768444298933,0.27379210615806554,0.8333333333333334
live_llm_judge_score,3B,315,16,0.29994607502428566,0.29994607502428566,0.0,0.003645609865263311,0.29630046515902236,0.8333333333333334
live_llm_judge_score,3B,315,32,0.29999999030699,0.29999999030699,0.0,5.9671606513439886e-05,0.29994031870047655,0.8333333333333334
live_llm_judge_score,3B,315,48,0.29999999999825766,0.29999999999825766,0.0,7.463666232044417e-07,0.29999925363163443,0.8333333333333334
live_llm_judge_score,3B,320,1,0.22916666666666666,0.22916666666666666,0.0,0.22916666666666666,0.0,0.7297297297297297
live_llm_judge_score,3B,320,2,0.3103298611111111,0.3103298611111111,0.0,0.3094618055555554,0.0008680555555556912,0.7297297297297297
live_llm_judge_score,3B,320,4,0.34925578552999614,0.34925578552999614,0.0,0.3524789692443094,-0.003223183714313238,0.7297297297297297
live_llm_judge_score,3B,320,8,0.3547508696498637,0.3547508696498637,0.0,0.3308253875344715,0.023925482115392194,0.7297297297297297
live_llm_judge_score,3B,320,16,0.3548386879326936,0.3548386879326936,0.0,0.2441689045340381,0.11066978339865546,0.7297297297297297
live_llm_judge_score,3B,320,32,0.35483870967741804,0.35483870967741804,0.0,0.10633779890871184,0.2485009107687062,0.7297297297297297
live_llm_judge_score,3B,320,48,0.3548387096774194,0.3548387096774194,0.0,0.04129367689803508,0.3135450327793843,0.7297297297297297
live_llm_judge_score,3B,340,1,0.020833333333333332,0.020833333333333332,0.0,0.020833333333333332,0.0,0.925531914893617
live_llm_judge_score,3B,340,2,0.038194444444444434,0.038194444444444434,0.0,0.0013020833333333333,0.0368923611111111,0.925531914893617
live_llm_judge_score,3B,340,4,0.06471836419753085,0.06471836419753085,0.0,2.82570167824074e-06,0.06471553849585261,0.925531914893617
live_llm_judge_score,3B,340,8,0.09592899507982776,0.09592899507982776,0.0,9.049201971000872e-12,0.09592899507077855,0.925531914893617
live_llm_judge_score,3B,340,16,0.11823901338345057,0.11823901338345057,0.0,8.253031557715797e-23,0.11823901338345057,0.925531914893617
live_llm_judge_score,3B,340,32,0.12463431247976671,0.12463431247976671,0.0,6.8114608553823e-45,0.12463431247976671,0.925531914893617
live_llm_judge_score,3B,340,48,0.1249802207325589,0.1249802207325589,0.0,5.6216059195693575e-67,0.1249802207325589,0.925531914893617
live_llm_judge_score,3B,345,1,0.5,0.5,0.0,0.5,0.0,0.6875
live_llm_judge_score,3B,345,2,0.59375,0.59375,0.0,0.46961805555555586,0.12413194444444414,0.6875
live_llm_judge_score,3B,345,4,0.6146240234375,0.6146240234375,0.0,0.39315042377990017,0.22147359965759983,0.6875
live_llm_judge_score,3B,345,8,0.6153836753219366,0.6153836753219366,0.0,0.33005772784374776,0.28532594747818885,0.6875
live_llm_judge_score,3B,345,16,0.6153846153831793,0.6153846153831793,0.0,0.3491504850807661,0.2662341303024132,0.6875
live_llm_judge_score,3B,345,32,0.6153846153846154,0.6153846153846154,0.0,0.49937851948191014,0.11600609590270528,0.6875
live_llm_judge_score,3B,345,48,0.6153846153846154,0.6153846153846154,0.0,0.6372265335919542,-0.02184191820733883,0.6875
live_llm_judge_score,3B,355,1,0.0,0.0,0.0,0.0,0.0,
live_llm_judge_score,3B,355,2,0.0,0.0,0.0,0.0,0.0,
live_llm_judge_score,3B,355,4,0.0,0.0,0.0,0.0,0.0,
live_llm_judge_score,3B,355,8,0.0,0.0,0.0,0.0,0.0,
live_llm_judge_score,3B,355,16,0.0,0.0,0.0,0.0,0.0,
live_llm_judge_score,3B,355,32,0.0,0.0,0.0,0.0,0.0,
live_llm_judge_score,3B,355,48,0.0,0.0,0.0,0.0,0.0,
live_llm_judge_score,3B,370,1,0.9791666666666666,0.9791666666666666,0.0,0.9791666666666666,0.0,1.0
live_llm_judge_score,3B,370,2,0.9995659722222222,0.9995659722222222,0.0,0.9917534722222222,0.0078125,1.0
live_llm_judge_score,3B,370,4,0.9999998116198882,0.9999998116198882,0.0,0.9993521607952354,0.0006476508246527901,1.0
live_llm_judge_score,3B,370,8,0.9999999999999645,0.9999999999999645,0.0,0.9999979788951977,2.0211047667695325e-06,1.0
live_llm_judge_score,3B,370,16,1.0,1.0,0.0,0.9999999999897402,1.0259793015165997e-11,1.0
live_llm_judge_score,3B,370,32,1.0,1.0,0.0,1.0,0.0,1.0
live_llm_judge_score,3B,370,48,1.0,1.0,0.0,1.0,0.0,1.0
live_llm_judge_score,3B,385,1,0.22916666666666666,0.22916666666666666,0.0,0.22916666666666666,0.0,0.8513513513513513
live_llm_judge_score,3B,385,2,0.35329861111111116,0.35329861111111116,0.0,0.2730034722222222,0.08029513888888895,0.8513513513513513
live_llm_judge_score,3B,385,4,0.456957404996142,0.456957404996142,0.0,0.30963681067949445,0.14732059431664757,0.8513513513513513
live_llm_judge_score,3B,385,8,0.49629467003066774,0.49629467003066774,0.0,0.37464344688075685,0.12165122314991089,0.8513513513513513
live_llm_judge_score,3B,385,16,0.49997254105963673,0.49997254105963673,0.0,0.5122554750624991,-0.0122829340028624,0.8513513513513513
live_llm_judge_score,3B,385,32,0.4999999984920132,0.4999999984920132,0.0,0.7443581871324199,-0.24435818864040665,0.8513513513513513
live_llm_judge_score,3B,385,48,0.4999999999999172,0.4999999999999172,0.0,0.870356075572772,-0.37035607557285477,0.8513513513513513
live_llm_judge_score,3B,390,1,0.041666666666666664,0.041666666666666664,0.0,0.041666666666666664,0.0,0.4891304347826087
live_llm_judge_score,3B,390,2,0.04079861111111111,0.04079861111111111,0.0,0.039930555555555636,0.0008680555555554761,0.4891304347826087
live_llm_judge_score,3B,390,4,0.03579787266107253,0.03579787266107253,0.0,0.0227382330246914,0.013059639636381133,0.4891304347826087
live_llm_judge_score,3B,390,8,0.03451671246747246,0.03451671246747246,0.0,0.005625919994058241,0.02889079247341422,0.4891304347826087
live_llm_judge_score,3B,390,16,0.03448277911715424,0.03448277911715424,0.0,0.00022699577096087326,0.03425578334619337,0.4891304347826087
live_llm_judge_score,3B,390,32,0.03448275862069711,0.03448275862069711,0.0,1.9455825022885898e-07,0.03448256406244688,0.4891304347826087
live_llm_judge_score,3B,390,48,0.034482758620689655,0.034482758620689655,0.0,1.2801062042179374e-10,0.03448275849267903,0.4891304347826087
live_llm_judge_score,3B,415,1,0.125,0.125,0.0,0.125,0.0,0.4781746031746032
live_llm_judge_score,3B,415,2,0.12022569444444445,0.12022569444444445,0.0,0.12326388888888884,-0.003038194444444392,0.4781746031746032
live_llm_judge_score,3B,415,4,0.11073529278790509,0.11073529278790509,0.0,0.08697208357445979,0.023763209213445297,0.4781746031746032
live_llm_judge_score,3B,415,8,0.10727569724853574,0.10727569724853574,0.0,0.042528337956007356,0.06474735929252838,0.4781746031746032
live_llm_judge_score,3B,415,16,0.10714297670166141,0.10714297670166141,0.0,0.009252047605125881,0.09789092909653553,0.4781746031746032
live_llm_judge_score,3B,415,32,0.10714285714295449,0.10714285714295449,0.0,0.0003291915101835092,0.10681366563277098,0.4781746031746032
live_llm_judge_score,3B,415,48,0.10714285714285714,0.10714285714285714,0.0,9.751965907670203e-06,0.10713310517694946,0.4781746031746032
live_llm_judge_score,3B,420,1,0.875,0.875,0.0,0.875,0.0,0.5
live_llm_judge_score,3B,420,2,0.875,0.875,0.0,0.9123263888888887,-0.03732638888888873,0.5
live_llm_judge_score,3B,420,4,0.875,0.875,0.0,0.9404775360484181,-0.0654775360484181,0.5
live_llm_judge_score,3B,420,8,0.875,0.875,0.0,0.9754336884068835,-0.10043368840688349,0.5
live_llm_judge_score,3B,420,16,0.875,0.875,0.0,0.9975061437267495,-0.1225061437267495,0.5
live_llm_judge_score,3B,420,32,0.875,0.875,0.0,0.9999861888827736,-0.12498618888277357,0.5
live_llm_judge_score,3B,420,48,0.875,0.875,0.0,0.9999999387535599,-0.12499993875355986,0.5
live_llm_judge_score,3B,430,1,0.9791666666666666,0.9791666666666666,0.0,0.9791666666666666,0.0,0.9148936170212766
live_llm_judge_score,3B,430,2,0.99609375,0.99609375,0.0,0.9917534722222222,0.00434027777777779,0.9148936170212766
live_llm_judge_score,3B,430,4,0.9998897976345487,0.9998897976345487,0.0,0.9993521607952354,0.0005376368393132935,0.9148936170212766
live_llm_judge_score,3B,430,8,0.9999999149465506,0.9999999149465506,0.0,0.9999979788951977,1.9360513529020906e-06,0.9148936170212766
live_llm_judge_score,3B,430,16,0.9999999999999493,0.9999999999999493,0.0,0.9999999999897402,1.0209055822940627e-11,0.9148936170212766
live_llm_judge_score,3B,430,32,1.0,1.0,0.0,1.0,0.0,0.9148936170212766
live_llm_judge_score,3B,430,48,1.0,1.0,0.0,1.0,0.0,0.9148936170212766
live_llm_judge_score,3B,435,1,0.3125,0.3125,0.0,0.3125,0.0,0.8181818181818182
live_llm_judge_score,3B,435,2,0.44921875,0.44921875,0.0,0.38932291666666663,0.05989583333333337,0.8181818181818182
live_llm_judge_score,3B,435,4,0.5369743064597802,0.5369743064597802,0.0,0.41802922001591447,0.1189450864438657,0.8181818181818182
live_llm_judge_score,3B,435,8,0.5588774982215747,0.5588774982215747,0.0,0.4394955121104877,0.11938198611108702,0.8181818181818182
live_llm_judge_score,3B,435,16,0.5599966513695738,0.5599966513695738,0.0,0.48293746757850053,0.07705918379107324,0.8181818181818182
live_llm_judge_score,3B,435,32,0.5599999999691636,0.5599999999691636,0.0,0.5745563999161483,-0.014556399946984655,0.8181818181818182
live_llm_judge_score,3B,435,48,0.5599999999999998,0.5599999999999998,0.0,0.669589774646926,-0.10958977464692621,0.8181818181818182
live_llm_judge_score,3B,440,1,0.9166666666666666,0.9166666666666666,0.0,0.9166666666666666,0.0,1.0
live_llm_judge_score,3B,440,2,0.9930555555555556,0.9930555555555556,0.0,0.953125,0.03993055555555558,1.0
live_llm_judge_score,3B,440,4,0.999951774691358,0.999951774691358,0.0,0.9839680989583333,0.015983675733024727,1.0
live_llm_judge_score,3B,440,8,0.9999999976743196,0.9999999976743196,0.0,0.9973782462838255,0.0026217513904940315,1.0
live_llm_judge_score,3B,440,16,1.0,1.0,0.0,0.9999544652697432,4.5534730256813205e-05,1.0
live_llm_judge_score,3B,440,32,1.0,1.0,0.0,0.9999999929252839,7.074716146249216e-09,1.0
live_llm_judge_score,3B,440,48,1.0,1.0,0.0,0.9999999999991519,8.480993685111571e-13,1.0
live_llm_judge_score,3B,445,1,0.0,0.0,0.0,0.0,0.0,
live_llm_judge_score,3B,445,2,0.0,0.0,0.0,0.0,0.0,
live_llm_judge_score,3B,445,4,0.0,0.0,0.0,0.0,0.0,
live_llm_judge_score,3B,445,8,0.0,0.0,0.0,0.0,0.0,
live_llm_judge_score,3B,445,16,0.0,0.0,0.0,0.0,0.0,
live_llm_judge_score,3B,445,32,0.0,0.0,0.0,0.0,0.0,
live_llm_judge_score,3B,445,48,0.0,0.0,0.0,0.0,0.0,
live_llm_judge_score,3B,460,1,0.0,0.0,0.0,0.0,0.0,
live_llm_judge_score,3B,460,2,0.0,0.0,0.0,0.0,0.0,
live_llm_judge_score,3B,460,4,0.0,0.0,0.0,0.0,0.0,
live_llm_judge_score,3B,460,8,0.0,0.0,0.0,0.0,0.0,
live_llm_judge_score,3B,460,16,0.0,0.0,0.0,0.0,0.0,
live_llm_judge_score,3B,460,32,0.0,0.0,0.0,0.0,0.0,
live_llm_judge_score,3B,460,48,0.0,0.0,0.0,0.0,0.0,
live_llm_judge_score,3B,470,1,0.020833333333333332,0.020833333333333332,0.0,0.020833333333333332,0.0,0.8723404255319149
live_llm_judge_score,3B,470,2,0.036024305555555566,0.036024305555555566,0.0,0.019531250000000056,0.01649305555555551,0.8723404255319149
live_llm_judge_score,3B,470,4,0.05517785343123071,0.05517785343123071,0.0,0.008587307400173626,0.046590546031057084,0.8723404255319149
live_llm_judge_score,3B,470,8,0.07077596524184251,0.07077596524184251,0.0,0.0008316433701705107,0.069944321871672,0.8723404255319149
live_llm_judge_score,3B,470,16,0.07643184615679653,0.07643184615679653,0.0,3.930688308661841e-06,0.07642791546848787,0.8723404255319149
live_llm_judge_score,3B,470,32,0.0769199399234223,0.0769199399234223,0.0,4.526303720881346e-11,0.07691993987815926,0.8723404255319149
live_llm_judge_score,3B,470,48,0.07692305689019725,0.07692305689019725,0.0,4.0609552371800918e-16,0.07692305689019685,0.8723404255319149
live_llm_judge_score,3B,475,1,0.0,0.0,0.0,0.0,0.0,
live_llm_judge_score,3B,475,2,0.0,0.0,0.0,0.0,0.0,
live_llm_judge_score,3B,475,4,0.0,0.0,0.0,0.0,0.0,
live_llm_judge_score,3B,475,8,0.0,0.0,0.0,0.0,0.0,
live_llm_judge_score,3B,475,16,0.0,0.0,0.0,0.0,0.0,
live_llm_judge_score,3B,475,32,0.0,0.0,0.0,0.0,0.0,
live_llm_judge_score,3B,475,48,0.0,0.0,0.0,0.0,0.0,
live_llm_judge_score,3B,480,1,0.4166666666666667,0.4166666666666667,0.0,0.4166666666666667,0.0,0.6571428571428571
live_llm_judge_score,3B,480,2,0.4930555555555555,0.4930555555555555,0.0,0.45486111111111116,0.038194444444444364,0.6571428571428571
live_llm_judge_score,3B,480,4,0.5577588493441358,0.5577588493441358,0.0,0.48271424093364224,0.07504460841049354,0.6571428571428571
live_llm_judge_score,3B,480,8,0.5814247984275043,0.5814247984275043,0.0,0.5218732648291635,0.059551533598340756,0.6571428571428571
live_llm_judge_score,3B,480,16,0.5833247351195747,0.5833247351195747,0.0,0.5673660677329642,0.01595866738661056,0.6571428571428571
live_llm_judge_score,3B,480,32,0.5833333331976437,0.5833333331976437,0.0,0.610592876569927,-0.027259543372283312,0.6571428571428571
live_llm_judge_score,3B,480,48,0.5833333333333313,0.5833333333333313,0.0,0.6806155582469195,-0.09728222491358829,0.6571428571428571
live_llm_judge_score,3B,495,1,0.14583333333333334,0.14583333333333334,0.0,0.14583333333333334,0.0,0.7160278745644599
live_llm_judge_score,3B,495,2,0.1996527777777778,0.1996527777777778,0.0,0.21484375000000047,-0.015190972222222682,0.7160278745644599
live_llm_judge_score,3B,495,4,0.2374975887345679,0.2374975887345679,0.0,0.31261359320746585,-0.07511600447289796,0.7160278745644599
live_llm_judge_score,3B,495,8,0.24921874988371598,0.24921874988371598,0.0,0.42954336716001484,-0.18032461727629887,0.7160278745644599
live_llm_judge_score,3B,495,16,0.2499969482421875,0.2499969482421875,0.0,0.563356590421716,-0.31335964217952855,0.7160278745644599
live_llm_judge_score,3B,495,32,0.24999999995343386,0.24999999995343386,0.0,0.6862235541585622,-0.4362235542051283,0.7160278745644599
live_llm_judge_score,3B,495,48,0.24999999999999928,0.24999999999999928,0.0,0.7504033254896355,-0.5004033254896363,0.7160278745644599
live_llm_judge_score,70B,0,1,1.0,1.0,0.0,1.0,0.0,
live_llm_judge_score,70B,0,2,1.0,1.0,0.0,1.0,0.0,
live_llm_judge_score,70B,0,4,1.0,1.0,0.0,1.0,0.0,
live_llm_judge_score,70B,0,8,1.0,1.0,0.0,1.0,0.0,
live_llm_judge_score,70B,0,16,1.0,1.0,0.0,1.0,0.0,
live_llm_judge_score,70B,0,32,1.0,1.0,0.0,1.0,0.0,
live_llm_judge_score,70B,0,48,1.0,1.0,0.0,1.0,0.0,
live_llm_judge_score,70B,5,1,1.0,1.0,0.0,1.0,0.0,
live_llm_judge_score,70B,5,2,1.0,1.0,0.0,1.0,0.0,
live_llm_judge_score,70B,5,4,1.0,1.0,0.0,1.0,0.0,
live_llm_judge_score,70B,5,8,1.0,1.0,0.0,1.0,0.0,
live_llm_judge_score,70B,5,16,1.0,1.0,0.0,1.0,0.0,
live_llm_judge_score,70B,5,32,1.0,1.0,0.0,1.0,0.0,
live_llm_judge_score,70B,5,48,1.0,1.0,0.0,1.0,0.0,
live_llm_judge_score,70B,10,1,1.0,1.0,0.0,1.0,0.0,
live_llm_judge_score,70B,10,2,1.0,1.0,0.0,1.0,0.0,
live_llm_judge_score,70B,10,4,1.0,1.0,0.0,1.0,0.0,
live_llm_judge_score,70B,10,8,1.0,1.0,0.0,1.0,0.0,
live_llm_judge_score,70B,10,16,1.0,1.0,0.0,1.0,0.0,
live_llm_judge_score,70B,10,32,1.0,1.0,0.0,1.0,0.0,
live_llm_judge_score,70B,10,48,1.0,1.0,0.0,1.0,0.0,
live_llm_judge_score,70B,20,1,0.8333333333333334,0.8333333333333334,0.0,0.8333333333333334,0.0,0.5
live_llm_judge_score,70B,20,2,0.8333333333333334,0.8333333333333334,0.0,0.8350694444444446,-0.0017361111111112715,0.5
live_llm_judge_score,70B,20,4,0.8333333333333334,0.8333333333333334,0.0,0.8521216121720682,-0.018788278838734795,0.5
live_llm_judge_score,70B,20,8,0.8333333333333334,0.8333333333333334,0.0,0.8770229274333504,-0.04368959410001705,0.5
live_llm_judge_score,70B,20,16,0.8333333333333334,0.8333333333333334,0.0,0.9149332298261809,-0.08159989649284749,0.5
live_llm_judge_score,70B,20,32,0.8333333333333334,0.8333333333333334,0.0,0.967504709254919,-0.13417137592158568,0.5
live_llm_judge_score,70B,20,48,0.8333333333333334,0.8333333333333334,0.0,0.9897310332950843,-0.1563976999617509,0.5
live_llm_judge_score,70B,45,1,1.0,1.0,0.0,1.0,0.0,
live_llm_judge_score,70B,45,2,1.0,1.0,0.0,1.0,0.0,
live_llm_judge_score,70B,45,4,1.0,1.0,0.0,1.0,0.0,
live_llm_judge_score,70B,45,8,1.0,1.0,0.0,1.0,0.0,
live_llm_judge_score,70B,45,16,1.0,1.0,0.0,1.0,0.0,
live_llm_judge_score,70B,45,32,1.0,1.0,0.0,1.0,0.0,
live_llm_judge_score,70B,45,48,1.0,1.0,0.0,1.0,0.0,
live_llm_judge_score,70B,50,1,0.6041666666666666,0.6041666666666666,0.0,0.6041666666666666,0.0,0.8947368421052632
live_llm_judge_score,70B,50,2,0.79296875,0.79296875,0.0,0.6401909722222223,0.15277777777777768,0.8947368421052632
live_llm_judge_score,70B,50,4,0.8704071044921875,0.8704071044921875,0.0,0.5754641309196568,0.29494297357253074,0.8947368421052632
live_llm_judge_score,70B,50,8,0.8787079534959048,0.8787079534959048,0.0,0.4392135029438587,0.4394944505520461,0.8947368421052632
live_llm_judge_score,70B,50,16,0.8787878715187158,0.8787878715187158,0.0,0.28029132346827346,0.5984965480504424,0.8947368421052632
live_llm_judge_score,70B,50,32,0.8787878787878787,0.8787878787878787,0.0,0.15142845803332783,0.7273594207545508,0.8947368421052632
live_llm_judge_score,70B,50,48,0.8787878787878788,0.8787878787878788,0.0,0.08847425010901815,0.7903136286788607,0.8947368421052632
live_llm_judge_score,70B,60,1,0.020833333333333332,0.020833333333333332,0.0,0.020833333333333332,0.0,0.5
live_llm_judge_score,70B,60,2,0.020833333333333332,0.020833333333333332,0.0,0.03776041666666652,-0.016927083333333186,0.5
live_llm_judge_score,70B,60,4,0.010579427083333332,0.010579427083333332,0.0,0.06203262894241879,-0.05145320185908546,0.5
live_llm_judge_score,70B,60,8,0.0014467289050420125,0.0014467289050420125,0.0,0.08375030560331631,-0.0823035766982743,0.5
live_llm_judge_score,70B,60,16,1.6441810824092035e-05,1.6441810824092035e-05,0.0,0.07649000734507491,-0.07647356553425082,0.5
live_llm_judge_score,70B,60,32,1.681240701988239e-09,1.681240701988239e-09,0.0,0.03216977003693114,-0.03216976835569044,0.5
live_llm_judge_score,70B,60,48,1.6893807062524781e-13,1.6893807062524781e-13,0.0,0.010259226533222681,-0.010259226533053743,0.5
live_llm_judge_score,70B,70,1,1.0,1.0,0.0,1.0,0.0,
live_llm_judge_score,70B,70,2,1.0,1.0,0.0,1.0,0.0,
live_llm_judge_score,70B,70,4,1.0,1.0,0.0,1.0,0.0,
live_llm_judge_score,70B,70,8,1.0,1.0,0.0,1.0,0.0,
live_llm_judge_score,70B,70,16,1.0,1.0,0.0,1.0,0.0,
live_llm_judge_score,70B,70,32,1.0,1.0,0.0,1.0,0.0,
live_llm_judge_score,70B,70,48,1.0,1.0,0.0,1.0,0.0,
live_llm_judge_score,70B,80,1,0.9791666666666666,0.9791666666666666,0.0,0.9791666666666666,0.0,0.010638297872340425
live_llm_judge_score,70B,80,2,0.959201388888889,0.959201388888889,0.0,0.9674479166666667,-0.00824652777777779,0.010638297872340425
live_llm_judge_score,70B,80,4,0.9217318311149691,0.9217318311149691,0.0,0.9602565058955441,-0.038524674780574975,0.010638297872340425
live_llm_judge_score,70B,80,8,0.8557154747511698,0.8557154747511698,0.0,0.9703572031699683,-0.1146417284187985,0.010638297872340425
live_llm_judge_score,70B,80,16,0.7530669979549003,0.7530669979549003,0.0,0.9917314980973525,-0.23866450014245222,0.010638297872340425
live_llm_judge_score,70B,80,32,0.6280858109078109,0.6280858109078109,0.0,0.9996746960805771,-0.3715888851727662,0.010638297872340425
live_llm_judge_score,70B,80,48,0.5648285832941176,0.5648285832941176,0.0,0.9999902599611117,-0.4351616766669941,0.010638297872340425
live_llm_judge_score,70B,90,1,0.6666666666666666,0.6666666666666666,0.0,0.6666666666666666,0.0,0.5
live_llm_judge_score,70B,90,2,0.6666666666666666,0.6666666666666666,0.0,0.6180555555555559,0.048611111111110716,0.5
live_llm_judge_score,70B,90,4,0.6666666666666666,0.6666666666666666,0.0,0.5056122202932103,0.16105444637345634,0.5
live_llm_judge_score,70B,90,8,0.6666666666666666,0.6666666666666666,0.0,0.3376345513702224,0.3290321152964442,0.5
live_llm_judge_score,70B,90,16,0.6666666666666666,0.6666666666666666,0.0,0.14410017146776152,0.5225664951989051,0.5
live_llm_judge_score,70B,90,32,0.6666666666666666,0.6666666666666666,0.0,0.026071561368477124,0.6405951052981895,0.5
live_llm_judge_score,70B,90,48,0.6666666666666666,0.6666666666666666,0.0,0.0047327700654751625,0.6619338966011915,0.5
live_llm_judge_score,70B,105,1,1.0,1.0,0.0,1.0,0.0,
live_llm_judge_score,70B,105,2,1.0,1.0,0.0,1.0,0.0,
live_llm_judge_score,70B,105,4,1.0,1.0,0.0,1.0,0.0,
live_llm_judge_score,70B,105,8,1.0,1.0,0.0,1.0,0.0,
live_llm_judge_score,70B,105,16,1.0,1.0,0.0,1.0,0.0,
live_llm_judge_score,70B,105,32,1.0,1.0,0.0,1.0,0.0,
live_llm_judge_score,70B,105,48,1.0,1.0,0.0,1.0,0.0,
live_llm_judge_score,70B,120,1,0.041666666666666664,0.041666666666666664,0.0,0.041666666666666664,0.0,0.0
live_llm_judge_score,70B,120,2,0.001736111111111111,0.001736111111111111,0.0,0.054687500000000056,-0.052951388888888944,0.0
live_llm_judge_score,70B,120,4,3.014081790123456e-06,3.014081790123456e-06,0.0,0.056230333116319524,-0.0562273190345294,0.0
live_llm_judge_score,70B,120,8,9.084689037553817e-12,9.084689037553817e-12,0.0,0.04376815339621927,-0.04376815338713458,0.0
live_llm_judge_score,70B,120,16,8.253157490905051e-23,8.253157490905051e-23,0.0,0.018023122065359908,-0.018023122065359908,0.0
live_llm_judge_score,70B,120,32,6.811460856968217e-45,6.811460856968217e-45,0.0,0.0016242890269749922,-0.0016242890269749922,0.0
live_llm_judge_score,70B,120,48,5.621605919569377e-67,5.621605919569377e-67,0.0,0.00011129644619190837,-0.00011129644619190837,0.0
live_llm_judge_score,70B,140,1,0.9166666666666666,0.9166666666666666,0.0,0.9166666666666666,0.0,0.875
live_llm_judge_score,70B,140,2,0.9739583333333333,0.9739583333333333,0.0,0.9305555555555559,0.043402777777777346,0.875
live_llm_judge_score,70B,140,4,0.9777628580729166,0.9777628580729166,0.0,0.9115186149691361,0.06624424310378052,0.875
live_llm_judge_score,70B,140,8,0.9777777775501211,0.9777777775501211,0.0,0.8644423267360218,0.11333545081409924,0.875
live_llm_judge_score,70B,140,16,0.9777777777777777,0.9777777777777777,0.0,0.7920957116150764,0.18568206616270133,0.875
live_llm_judge_score,70B,140,32,0.9777777777777777,0.9777777777777777,0.0,0.7463575017205986,0.2314202760571792,0.875
live_llm_judge_score,70B,140,48,0.9777777777777777,0.9777777777777777,0.0,0.7656434181032601,0.21213435967451766,0.875
live_llm_judge_score,70B,155,1,1.0,1.0,0.0,1.0,0.0,
live_llm_judge_score,70B,155,2,1.0,1.0,0.0,1.0,0.0,
live_llm_judge_score,70B,155,4,1.0,1.0,0.0,1.0,0.0,
live_llm_judge_score,70B,155,8,1.0,1.0,0.0,1.0,0.0,
live_llm_judge_score,70B,155,16,1.0,1.0,0.0,1.0,0.0,
live_llm_judge_score,70B,155,32,1.0,1.0,0.0,1.0,0.0,
live_llm_judge_score,70B,155,48,1.0,1.0,0.0,1.0,0.0,
live_llm_judge_score,70B,180,1,1.0,1.0,0.0,1.0,0.0,
live_llm_judge_score,70B,180,2,1.0,1.0,0.0,1.0,0.0,
live_llm_judge_score,70B,180,4,1.0,1.0,0.0,1.0,0.0,
live_llm_judge_score,70B,180,8,1.0,1.0,0.0,1.0,0.0,
live_llm_judge_score,70B,180,16,1.0,1.0,0.0,1.0,0.0,
live_llm_judge_score,70B,180,32,1.0,1.0,0.0,1.0,0.0,
live_llm_judge_score,70B,180,48,1.0,1.0,0.0,1.0,0.0,
live_llm_judge_score,70B,185,1,1.0,1.0,0.0,1.0,0.0,
live_llm_judge_score,70B,185,2,1.0,1.0,0.0,1.0,0.0,
live_llm_judge_score,70B,185,4,1.0,1.0,0.0,1.0,0.0,
live_llm_judge_score,70B,185,8,1.0,1.0,0.0,1.0,0.0,
live_llm_judge_score,70B,185,16,1.0,1.0,0.0,1.0,0.0,
live_llm_judge_score,70B,185,32,1.0,1.0,0.0,1.0,0.0,
live_llm_judge_score,70B,185,48,1.0,1.0,0.0,1.0,0.0,
live_llm_judge_score,70B,195,1,0.9375,0.9375,0.0,0.9375,0.0,1.0
live_llm_judge_score,70B,195,2,0.99609375,0.99609375,0.0,0.9327256944444443,0.06336805555555569,1.0
live_llm_judge_score,70B,195,4,0.9999847412109375,0.9999847412109375,0.0,0.9454573643060378,0.05452737690489973,1.0
live_llm_judge_score,70B,195,8,0.9999999997671694,0.9999999997671694,0.0,0.9742550610998939,0.025744938667275452,1.0
live_llm_judge_score,70B,195,16,1.0,1.0,0.0,0.9961364458779337,0.003863554122066293,1.0
live_llm_judge_score,70B,195,32,1.0,1.0,0.0,0.9999401340115425,5.986598845753033e-05,1.0
live_llm_judge_score,70B,195,48,1.0,1.0,0.0,0.9999992535053692,7.464946307766951e-07,1.0
live_llm_judge_score,70B,205,1,1.0,1.0,0.0,1.0,0.0,
live_llm_judge_score,70B,205,2,1.0,1.0,0.0,1.0,0.0,
live_llm_judge_score,70B,205,4,1.0,1.0,0.0,1.0,0.0,
live_llm_judge_score,70B,205,8,1.0,1.0,0.0,1.0,0.0,
live_llm_judge_score,70B,205,16,1.0,1.0,0.0,1.0,0.0,
live_llm_judge_score,70B,205,32,1.0,1.0,0.0,1.0,0.0,
live_llm_judge_score,70B,205,48,1.0,1.0,0.0,1.0,0.0,
live_llm_judge_score,70B,220,1,1.0,1.0,0.0,1.0,0.0,
live_llm_judge_score,70B,220,2,1.0,1.0,0.0,1.0,0.0,
live_llm_judge_score,70B,220,4,1.0,1.0,0.0,1.0,0.0,
live_llm_judge_score,70B,220,8,1.0,1.0,0.0,1.0,0.0,
live_llm_judge_score,70B,220,16,1.0,1.0,0.0,1.0,0.0,
live_llm_judge_score,70B,220,32,1.0,1.0,0.0,1.0,0.0,
live_llm_judge_score,70B,220,48,1.0,1.0,0.0,1.0,0.0,
live_llm_judge_score,70B,225,1,1.0,1.0,0.0,1.0,0.0,
live_llm_judge_score,70B,225,2,1.0,1.0,0.0,1.0,0.0,
live_llm_judge_score,70B,225,4,1.0,1.0,0.0,1.0,0.0,
live_llm_judge_score,70B,225,8,1.0,1.0,0.0,1.0,0.0,
live_llm_judge_score,70B,225,16,1.0,1.0,0.0,1.0,0.0,
live_llm_judge_score,70B,225,32,1.0,1.0,0.0,1.0,0.0,
live_llm_judge_score,70B,225,48,1.0,1.0,0.0,1.0,0.0,
live_llm_judge_score,70B,230,1,0.9791666666666666,0.9791666666666666,0.0,0.9791666666666666,0.0,0.9893617021276596
live_llm_judge_score,70B,230,2,0.9991319444444444,0.9991319444444444,0.0,0.9865451388888888,0.01258680555555558,0.9893617021276596
live_llm_judge_score,70B,230,4,0.9999984929591049,0.9999984929591049,0.0,0.9971910641517168,0.002807428807388157,0.9893617021276596
live_llm_judge_score,70B,230,8,0.9999999999954576,0.9999999999954576,0.0,0.9999385336799014,6.146631555625781e-05,0.9893617021276596
live_llm_judge_score,70B,230,16,1.0,1.0,0.0,0.999999985041233,1.4958767002859474e-08,0.9893617021276596
live_llm_judge_score,70B,230,32,1.0,1.0,0.0,0.9999999999999996,4.440892098500626e-16,0.9893617021276596
live_llm_judge_score,70B,230,48,1.0,1.0,0.0,1.0,0.0,0.9893617021276596
live_llm_judge_score,70B,255,1,1.0,1.0,0.0,1.0,0.0,
live_llm_judge_score,70B,255,2,1.0,1.0,0.0,1.0,0.0,
live_llm_judge_score,70B,255,4,1.0,1.0,0.0,1.0,0.0,
live_llm_judge_score,70B,255,8,1.0,1.0,0.0,1.0,0.0,
live_llm_judge_score,70B,255,16,1.0,1.0,0.0,1.0,0.0,
live_llm_judge_score,70B,255,32,1.0,1.0,0.0,1.0,0.0,
live_llm_judge_score,70B,255,48,1.0,1.0,0.0,1.0,0.0,
live_llm_judge_score,70B,270,1,1.0,1.0,0.0,1.0,0.0,
live_llm_judge_score,70B,270,2,1.0,1.0,0.0,1.0,0.0,
live_llm_judge_score,70B,270,4,1.0,1.0,0.0,1.0,0.0,
live_llm_judge_score,70B,270,8,1.0,1.0,0.0,1.0,0.0,
live_llm_judge_score,70B,270,16,1.0,1.0,0.0,1.0,0.0,
live_llm_judge_score,70B,270,32,1.0,1.0,0.0,1.0,0.0,
live_llm_judge_score,70B,270,48,1.0,1.0,0.0,1.0,0.0,
live_llm_judge_score,70B,290,1,0.6875,0.6875,0.0,0.6875,0.0,0.8878787878787879
live_llm_judge_score,70B,290,2,0.8541666666666666,0.8541666666666666,0.0,0.6080729166666667,0.2460937499999999,0.8878787878787879
live_llm_judge_score,70B,290,4,0.9097764756944443,0.9097764756944443,0.0,0.5098147922092015,0.39996168348524286,0.8878787878787879
live_llm_judge_score,70B,290,8,0.9142601199185788,0.9142601199185788,0.0,0.402315911597917,0.5119442083206618,0.8878787878787879
live_llm_judge_score,70B,290,16,0.9142857135227083,0.9142857135227083,0.0,0.2517171912717011,0.6625685222510072,0.8878787878787879
live_llm_judge_score,70B,290,32,0.9142857142857143,0.9142857142857143,0.0,0.09281892085509062,0.8214667934306237,0.8878787878787879
live_llm_judge_score,70B,290,48,0.9142857142857143,0.9142857142857143,0.0,0.03477269492232196,0.8795130193633923,0.8878787878787879
live_llm_judge_score,70B,295,1,0.0,0.0,0.0,0.0,0.0,
live_llm_judge_score,70B,295,2,0.0,0.0,0.0,0.0,0.0,
live_llm_judge_score,70B,295,4,0.0,0.0,0.0,0.0,0.0,
live_llm_judge_score,70B,295,8,0.0,0.0,0.0,0.0,0.0,
live_llm_judge_score,70B,295,16,0.0,0.0,0.0,0.0,0.0,
live_llm_judge_score,70B,295,32,0.0,0.0,0.0,0.0,0.0,
live_llm_judge_score,70B,295,48,0.0,0.0,0.0,0.0,0.0,
live_llm_judge_score,70B,310,1,1.0,1.0,0.0,1.0,0.0,
live_llm_judge_score,70B,310,2,1.0,1.0,0.0,1.0,0.0,
live_llm_judge_score,70B,310,4,1.0,1.0,0.0,1.0,0.0,
live_llm_judge_score,70B,310,8,1.0,1.0,0.0,1.0,0.0,
live_llm_judge_score,70B,310,16,1.0,1.0,0.0,1.0,0.0,
live_llm_judge_score,70B,310,32,1.0,1.0,0.0,1.0,0.0,
live_llm_judge_score,70B,310,48,1.0,1.0,0.0,1.0,0.0,
live_llm_judge_score,70B,315,1,0.8333333333333334,0.8333333333333334,0.0,0.8333333333333334,0.0,0.9875
live_llm_judge_score,70B,315,2,0.96875,0.96875,0.0,0.9348958333333334,0.03385416666666663,0.9875
live_llm_judge_score,70B,315,4,0.9986029730902778,0.9986029730902778,0.0,0.9856736924913194,0.01292928059895837,0.9875
live_llm_judge_score,70B,315,8,0.9999962391993554,0.9999962391993554,0.0,0.9993869257061587,0.0006093134931967059,0.9875
live_llm_judge_score,70B,315,16,0.9999999999710844,0.9999999999710844,0.0,0.9999992895665568,7.10404527537456e-07,0.9875
live_llm_judge_score,70B,315,32,1.0,1.0,0.0,0.999999999999339,6.610267888618182e-13,0.9875
live_llm_judge_score,70B,315,48,1.0,1.0,0.0,1.0,0.0,0.9875
live_llm_judge_score,70B,320,1,0.7916666666666666,0.7916666666666666,0.0,0.7916666666666666,0.0,0.7394736842105263
live_llm_judge_score,70B,320,2,0.8706597222222222,0.8706597222222222,0.0,0.8489583333333333,0.02170138888888895,0.7394736842105263
live_llm_judge_score,70B,320,4,0.8807975863233025,0.8807975863233025,0.0,0.894169560185185,-0.013371973861882491,0.7394736842105263
live_llm_judge_score,70B,320,8,0.8809523433424172,0.8809523433424172,0.0,0.9455535324723904,-0.06460118912997315,0.7394736842105263
live_llm_judge_score,70B,320,16,0.8809523809523787,0.8809523809523787,0.0,0.9863882956875168,-0.10543591473513814,0.7394736842105263
live_llm_judge_score,70B,320,32,0.8809523809523809,0.8809523809523809,0.0,0.9992610593926656,-0.1183086784402847,0.7394736842105263
live_llm_judge_score,70B,320,48,0.8809523809523809,0.8809523809523809,0.0,0.9999665404316719,-0.11901415947929095,0.7394736842105263
live_llm_judge_score,70B,340,1,0.0,0.0,0.0,0.0,0.0,
live_llm_judge_score,70B,340,2,0.0,0.0,0.0,0.0,0.0,
live_llm_judge_score,70B,340,4,0.0,0.0,0.0,0.0,0.0,
live_llm_judge_score,70B,340,8,0.0,0.0,0.0,0.0,0.0,
live_llm_judge_score,70B,340,16,0.0,0.0,0.0,0.0,0.0,
live_llm_judge_score,70B,340,32,0.0,0.0,0.0,0.0,0.0,
live_llm_judge_score,70B,340,48,0.0,0.0,0.0,0.0,0.0,
live_llm_judge_score,70B,345,1,0.8541666666666666,0.8541666666666666,0.0,0.8541666666666666,0.0,0.8571428571428571
live_llm_judge_score,70B,345,2,0.9431423611111112,0.9431423611111112,0.0,0.9214409722222222,0.02170138888888895,0.8571428571428571
live_llm_judge_score,70B,345,4,0.9533761106891396,0.9533761106891396,0.0,0.965582765178916,-0.012206654489776314,0.8571428571428571
live_llm_judge_score,70B,345,8,0.9534883588756384,0.9534883588756384,0.0,0.992457303328376,-0.038968944452737575,0.8571428571428571
live_llm_judge_score,70B,345,16,0.9534883720930231,0.9534883720930231,0.0,0.9997474448881161,-0.046259072795093004,0.8571428571428571
live_llm_judge_score,70B,345,32,0.9534883720930233,0.9534883720930233,0.0,0.9999998032855066,-0.046511431192483355,0.8571428571428571
live_llm_judge_score,70B,345,48,0.9534883720930233,0.9534883720930233,0.0,0.999999999871849,-0.04651162777882567,0.8571428571428571
live_llm_judge_score,70B,355,1,0.0,0.0,0.0,0.0,0.0,
live_llm_judge_score,70B,355,2,0.0,0.0,0.0,0.0,0.0,
live_llm_judge_score,70B,355,4,0.0,0.0,0.0,0.0,0.0,
live_llm_judge_score,70B,355,8,0.0,0.0,0.0,0.0,0.0,
live_llm_judge_score,70B,355,16,0.0,0.0,0.0,0.0,0.0,
live_llm_judge_score,70B,355,32,0.0,0.0,0.0,0.0,0.0,
live_llm_judge_score,70B,355,48,0.0,0.0,0.0,0.0,0.0,
live_llm_judge_score,70B,370,1,1.0,1.0,0.0,1.0,0.0,
live_llm_judge_score,70B,370,2,1.0,1.0,0.0,1.0,0.0,
live_llm_judge_score,70B,370,4,1.0,1.0,0.0,1.0,0.0,
live_llm_judge_score,70B,370,8,1.0,1.0,0.0,1.0,0.0,
live_llm_judge_score,70B,370,16,1.0,1.0,0.0,1.0,0.0,
live_llm_judge_score,70B,370,32,1.0,1.0,0.0,1.0,0.0,
live_llm_judge_score,70B,370,48,1.0,1.0,0.0,1.0,0.0,
live_llm_judge_score,70B,385,1,0.4166666666666667,0.4166666666666667,0.0,0.4166666666666667,0.0,0.6196428571428572
live_llm_judge_score,70B,385,2,0.4748263888888889,0.4748263888888889,0.0,0.43663194444444425,0.03819444444444464,0.6196428571428572
live_llm_judge_score,70B,385,4,0.4860248330198688,0.4860248330198688,0.0,0.48289847668306285,0.003126356336805969,0.6196428571428572
live_llm_judge_score,70B,385,8,0.4864853168346585,0.4864853168346585,0.0,0.5443258763843402,-0.05784055954968165,0.6196428571428572
live_llm_judge_score,70B,385,16,0.4864864864776241,0.4864864864776241,0.0,0.6527668868675882,-0.1662804003899641,0.6196428571428572
live_llm_judge_score,70B,385,32,0.4864864864864865,0.4864864864864865,0.0,0.813491622495816,-0.32700513600932946,0.6196428571428572
live_llm_judge_score,70B,385,48,0.4864864864864865,0.4864864864864865,0.0,0.9005409653115749,-0.4140544788250884,0.6196428571428572
live_llm_judge_score,70B,390,1,0.7916666666666666,0.7916666666666666,0.0,0.7916666666666666,0.0,0.75
live_llm_judge_score,70B,390,2,0.8741319444444445,0.8741319444444445,0.0,0.8289930555555552,0.045138888888889284,0.75
live_llm_judge_score,70B,390,4,0.8836168830777392,0.8836168830777392,0.0,0.827395215446566,0.0562216676311732,0.75
live_llm_judge_score,70B,390,8,0.883720917982299,0.883720917982299,0.0,0.8138297907944928,0.06989112718780621,0.75
live_llm_judge_score,70B,390,16,0.8837209302325579,0.8837209302325579,0.0,0.8117096341363584,0.0720112960961995,0.75
live_llm_judge_score,70B,390,32,0.8837209302325582,0.8837209302325582,0.0,0.8631238512318459,0.02059707900071228,0.75
live_llm_judge_score,70B,390,48,0.8837209302325582,0.8837209302325582,0.0,0.9143608650407873,-0.03063993480822913,0.75
live_llm_judge_score,70B,415,1,0.8125,0.8125,0.0,0.8125,0.0,0.7777777777777778
live_llm_judge_score,70B,415,2,0.8971354166666666,0.8971354166666666,0.0,0.7730034722222222,0.12413194444444442,0.7777777777777778
live_llm_judge_score,70B,415,4,0.906869958948206,0.906869958948206,0.0,0.7466937406563466,0.16017621829185935,0.7777777777777778
live_llm_judge_score,70B,415,8,0.9069767316134121,0.9069767316134121,0.0,0.746495064573432,0.16048166703998012,0.7777777777777778
live_llm_judge_score,70B,415,16,0.9069767441860462,0.9069767441860462,0.0,0.732628271517344,0.17434847266870224,0.7777777777777778
live_llm_judge_score,70B,415,32,0.9069767441860465,0.9069767441860465,0.0,0.7306334998551978,0.1763432443308487,0.7777777777777778
live_llm_judge_score,70B,415,48,0.9069767441860465,0.9069767441860465,0.0,0.762196280895389,0.1447804632906574,0.7777777777777778
live_llm_judge_score,70B,420,1,0.041666666666666664,0.041666666666666664,0.0,0.041666666666666664,0.0,0.5
live_llm_judge_score,70B,420,2,0.041666666666666664,0.041666666666666664,0.0,0.041666666666666685,-2.0816681711721685e-17,0.5
live_llm_judge_score,70B,420,4,0.041666666666666664,0.041666666666666664,0.0,0.028682002314814853,0.012984664351851812,0.5
live_llm_judge_score,70B,420,8,0.041666666666666664,0.041666666666666664,0.0,0.010952340245628463,0.0307143264210382,0.5
live_llm_judge_score,70B,420,16,0.041666666666666664,0.041666666666666664,0.0,0.0009685159655799064,0.04069815070108676,0.5
live_llm_judge_score,70B,420,32,0.041666666666666664,0.041666666666666664,0.0,3.886961300043996e-06,0.04166277970536662,0.5
live_llm_judge_score,70B,420,48,0.041666666666666664,0.041666666666666664,0.0,1.1926997810973706e-08,0.04166665473966885,0.5
live_llm_judge_score,70B,430,1,1.0,1.0,0.0,1.0,0.0,
live_llm_judge_score,70B,430,2,1.0,1.0,0.0,1.0,0.0,
live_llm_judge_score,70B,430,4,1.0,1.0,0.0,1.0,0.0,
live_llm_judge_score,70B,430,8,1.0,1.0,0.0,1.0,0.0,
live_llm_judge_score,70B,430,16,1.0,1.0,0.0,1.0,0.0,
live_llm_judge_score,70B,430,32,1.0,1.0,0.0,1.0,0.0,
live_llm_judge_score,70B,430,48,1.0,1.0,0.0,1.0,0.0,
live_llm_judge_score,70B,435,1,1.0,1.0,0.0,1.0,0.0,
live_llm_judge_score,70B,435,2,1.0,1.0,0.0,1.0,0.0,
live_llm_judge_score,70B,435,4,1.0,1.0,0.0,1.0,0.0,
live_llm_judge_score,70B,435,8,1.0,1.0,0.0,1.0,0.0,
live_llm_judge_score,70B,435,16,1.0,1.0,0.0,1.0,0.0,
live_llm_judge_score,70B,435,32,1.0,1.0,0.0,1.0,0.0,
live_llm_judge_score,70B,435,48,1.0,1.0,0.0,1.0,0.0,
live_llm_judge_score,70B,440,1,1.0,1.0,0.0,1.0,0.0,
live_llm_judge_score,70B,440,2,1.0,1.0,0.0,1.0,0.0,
live_llm_judge_score,70B,440,4,1.0,1.0,0.0,1.0,0.0,
live_llm_judge_score,70B,440,8,1.0,1.0,0.0,1.0,0.0,
live_llm_judge_score,70B,440,16,1.0,1.0,0.0,1.0,0.0,
live_llm_judge_score,70B,440,32,1.0,1.0,0.0,1.0,0.0,
live_llm_judge_score,70B,440,48,1.0,1.0,0.0,1.0,0.0,
live_llm_judge_score,70B,445,1,0.0,0.0,0.0,0.0,0.0,
live_llm_judge_score,70B,445,2,0.0,0.0,0.0,0.0,0.0,
live_llm_judge_score,70B,445,4,0.0,0.0,0.0,0.0,0.0,
live_llm_judge_score,70B,445,8,0.0,0.0,0.0,0.0,0.0,
live_llm_judge_score,70B,445,16,0.0,0.0,0.0,0.0,0.0,
live_llm_judge_score,70B,445,32,0.0,0.0,0.0,0.0,0.0,
live_llm_judge_score,70B,445,48,0.0,0.0,0.0,0.0,0.0,
live_llm_judge_score,70B,460,1,0.0,0.0,0.0,0.0,0.0,
live_llm_judge_score,70B,460,2,0.0,0.0,0.0,0.0,0.0,
live_llm_judge_score,70B,460,4,0.0,0.0,0.0,0.0,0.0,
live_llm_judge_score,70B,460,8,0.0,0.0,0.0,0.0,0.0,
live_llm_judge_score,70B,460,16,0.0,0.0,0.0,0.0,0.0,
live_llm_judge_score,70B,460,32,0.0,0.0,0.0,0.0,0.0,
live_llm_judge_score,70B,460,48,0.0,0.0,0.0,0.0,0.0,
live_llm_judge_score,70B,470,1,0.625,0.625,0.0,0.625,0.0,0.8888888888888888
live_llm_judge_score,70B,470,2,0.8072916666666666,0.8072916666666666,0.0,0.712673611111111,0.09461805555555558,0.8888888888888888
live_llm_judge_score,70B,470,4,0.8759675202546295,0.8759675202546295,0.0,0.7842132191599154,0.09175430109471416,0.8888888888888888
live_llm_judge_score,70B,470,8,0.8823067310960749,0.8823067310960749,0.0,0.8098031516617568,0.07250357943431818,0.8888888888888888
live_llm_judge_score,70B,470,16,0.8823529387563828,0.8823529387563828,0.0,0.7826367833706697,0.0997161553857131,0.8888888888888888
live_llm_judge_score,70B,470,32,0.8823529411764706,0.8823529411764706,0.0,0.74615666687558,0.13619627430089054,0.8888888888888888
live_llm_judge_score,70B,470,48,0.8823529411764706,0.8823529411764706,0.0,0.7656399277753345,0.11671301340113605,0.8888888888888888
live_llm_judge_score,70B,475,1,0.20833333333333334,0.20833333333333334,0.0,0.20833333333333334,0.0,0.8026315789473685
live_llm_judge_score,70B,475,2,0.30815972222222227,0.30815972222222227,0.0,0.26562500000000033,0.04253472222222193,0.8026315789473685
live_llm_judge_score,70B,475,4,0.4087867265866127,0.4087867265866127,0.0,0.28654197410300974,0.12224475248360295,0.8026315789473685
live_llm_judge_score,70B,475,8,0.4594858925522874,0.4594858925522874,0.0,0.3163730946391192,0.14311279791316817,0.8026315789473685
live_llm_judge_score,70B,475,16,0.466592145430333,0.466592145430333,0.0,0.3816270956947004,0.08496504973563263,0.8026315789473685
live_llm_judge_score,70B,475,32,0.4666668238350473,0.4666668238350473,0.0,0.5133972448772195,-0.04673042104217218,0.8026315789473685
live_llm_judge_score,70B,475,48,0.46666666716620864,0.46666666716620864,0.0,0.6405615486483919,-0.17389488148218324,0.8026315789473685
live_llm_judge_score,70B,480,1,0.7083333333333334,0.7083333333333334,0.0,0.7083333333333334,0.0,1.0
live_llm_judge_score,70B,480,2,0.9149305555555556,0.9149305555555556,0.0,0.787326388888889,0.12760416666666663,1.0
live_llm_judge_score,70B,480,4,0.9927631896219136,0.9927631896219136,0.0,0.8532198682243439,0.13954332139756964,1.0
live_llm_judge_score,70B,480,8,0.9999476285755516,0.9999476285755516,0.0,0.8945044379619883,0.10544319061356333,1.0
live_llm_judge_score,70B,480,16,0.9999999972572339,0.9999999972572339,0.0,0.9401086486907718,0.059891348566462055,1.0
live_llm_judge_score,70B,480,32,1.0,1.0,0.0,0.9841997556816848,0.01580024431831517,1.0
live_llm_judge_score,70B,480,48,1.0,1.0,0.0,0.9965508795403297,0.003449120459670274,1.0
live_llm_judge_score,70B,495,1,0.9375,0.9375,0.0,0.9375,0.0,0.5
live_llm_judge_score,70B,495,2,0.9375,0.9375,0.0,0.9622395833333333,-0.02473958333333326,0.5
live_llm_judge_score,70B,495,4,0.9375,0.9375,0.0,0.9771406385633681,-0.03964063856336808,0.5
live_llm_judge_score,70B,495,8,0.9375,0.9375,0.0,0.9930027742559497,-0.05550277425594974,0.5
live_llm_judge_score,70B,495,16,0.9375,0.9375,0.0,0.9996260333445108,-0.062126033344510834,0.5
live_llm_judge_score,70B,495,32,0.9375,0.9375,0.0,0.999999454694589,-0.06249945469458895,0.5
live_llm_judge_score,70B,495,48,0.9375,0.9375,0.0,0.9999999993905648,-0.06249999939056483,0.5
live_llm_judge_score,8B,0,1,0.5833333333333334,0.5833333333333334,0.0,0.5833333333333334,0.0,0.575
live_llm_judge_score,8B,0,2,0.6197916666666666,0.6197916666666666,0.0,0.6666666666666666,-0.046875,0.575
live_llm_judge_score,8B,0,4,0.6222127278645834,0.6222127278645834,0.0,0.6841114185474534,-0.06189869068287002,0.575
live_llm_judge_score,8B,0,8,0.6222222220773498,0.6222222220773498,0.0,0.6707437795458701,-0.04852155746852027,0.575
live_llm_judge_score,8B,0,16,0.6222222222222222,0.6222222222222222,0.0,0.6280435077890292,-0.005821285566806944,0.575
live_llm_judge_score,8B,0,32,0.6222222222222222,0.6222222222222222,0.0,0.4917911379342196,0.13043108428800265,0.575
live_llm_judge_score,8B,0,48,0.6222222222222222,0.6222222222222222,0.0,0.36042261427267314,0.2617996079495491,0.575
live_llm_judge_score,8B,5,1,0.5625,0.5625,0.0,0.5625,0.0,0.5952380952380952
live_llm_judge_score,8B,5,2,0.609375,0.609375,0.0,0.6210937500000003,-0.011718750000000333,0.5952380952380952
live_llm_judge_score,8B,5,4,0.6136067708333334,0.6136067708333334,0.0,0.633457325122975,-0.019850554289641664,0.5952380952380952
live_llm_judge_score,8B,5,8,0.6136363622092416,0.6136363622092416,0.0,0.6045652698487206,0.00907109236052095,0.5952380952380952
live_llm_judge_score,8B,5,16,0.6136363636363636,0.6136363636363636,0.0,0.5958776502427476,0.01775871339361601,0.5952380952380952
live_llm_judge_score,8B,5,32,0.6136363636363636,0.6136363636363636,0.0,0.6618313379388381,-0.048194974302474436,0.5952380952380952
live_llm_judge_score,8B,5,48,0.6136363636363636,0.6136363636363636,0.0,0.7320331064635829,-0.11839674282721924,0.5952380952380952
live_llm_judge_score,8B,10,1,0.1875,0.1875,0.0,0.1875,0.0,0.5783475783475783
live_llm_judge_score,8B,10,2,0.2113715277777778,0.2113715277777778,0.0,0.1358506944444443,0.07552083333333348,0.5783475783475783
live_llm_judge_score,8B,10,4,0.20574404869550542,0.20574404869550542,0.0,0.07114457495418594,0.13459947374131948,0.5783475783475783
live_llm_judge_score,8B,10,8,0.20026773263720465,0.20026773263720465,0.0,0.017822643114305554,0.1824450895228991,0.5783475783475783
live_llm_judge_score,8B,10,16,0.19999976065056727,0.19999976065056727,0.0,0.001120929286692622,0.19887883136387463,0.5783475783475783
live_llm_judge_score,8B,10,32,0.19999999999050247,0.19999999999050247,0.0,3.954607203933367e-06,0.19999604538329854,0.5783475783475783
live_llm_judge_score,8B,10,48,0.19999999999999993,0.19999999999999993,0.0,1.1952510365193896e-08,0.19999998804748956,0.5783475783475783
live_llm_judge_score,8B,20,1,0.16666666666666666,0.16666666666666666,0.0,0.16666666666666666,0.0,0.5125
live_llm_judge_score,8B,20,2,0.1701388888888889,0.1701388888888889,0.0,0.1241319444444445,0.04600694444444439,0.5125
live_llm_judge_score,8B,20,4,0.1702127338927469,0.1702127338927469,0.0,0.08216650692033195,0.08804622697241496,0.5125
live_llm_judge_score,8B,20,8,0.17021276595744075,0.17021276595744075,0.0,0.06300761239961448,0.10720515355782627,0.5125
live_llm_judge_score,8B,20,16,0.1702127659574468,0.1702127659574468,0.0,0.03779492646162323,0.13241783949582359,0.5125
live_llm_judge_score,8B,20,32,0.1702127659574468,0.1702127659574468,0.0,0.007492746559598052,0.16272001939784875,0.5125
live_llm_judge_score,8B,20,48,0.1702127659574468,0.1702127659574468,0.0,0.0011281746170013667,0.16908459134044543,0.5125
live_llm_judge_score,8B,45,1,0.7291666666666666,0.7291666666666666,0.0,0.7291666666666666,0.0,0.6538461538461539
live_llm_judge_score,8B,45,2,0.7899305555555556,0.7899305555555556,0.0,0.6514756944444442,0.13845486111111138,0.6538461538461539
live_llm_judge_score,8B,45,4,0.7954161844135802,0.7954161844135802,0.0,0.6448750437041857,0.1505411407093945,0.6538461538461539
live_llm_judge_score,8B,45,8,0.7954545436045724,0.7954545436045724,0.0,0.7308420245205994,0.06461251908397292,0.6538461538461539
live_llm_judge_score,8B,45,16,0.7954545454545454,0.7954545454545454,0.0,0.8785614869111665,-0.08310694145662112,0.6538461538461539
live_llm_judge_score,8B,45,32,0.7954545454545454,0.7954545454545454,0.0,0.9782501154795558,-0.18279557002501035,0.6538461538461539
live_llm_judge_score,8B,45,48,0.7954545454545454,0.7954545454545454,0.0,0.9960459136606752,-0.20059136820612977,0.6538461538461539
live_llm_judge_score,8B,50,1,0.020833333333333332,0.020833333333333332,0.0,0.020833333333333332,0.0,0.8617021276595744
live_llm_judge_score,8B,50,2,0.03559027777777777,0.03559027777777777,0.0,0.03689236111111116,-0.0013020833333333912,0.8617021276595744
live_llm_judge_score,8B,50,4,0.05344720534336419,0.05344720534336419,0.0,0.057852474259741604,-0.004405268916377415,0.8617021276595744
live_llm_judge_score,8B,50,8,0.06690195806050805,0.06690195806050805,0.0,0.07117102532955594,-0.004269067269047883,0.8617021276595744
live_llm_judge_score,8B,50,16,0.0711417082283964,0.0711417082283964,0.0,0.05397531254701435,0.01716639568138205,0.8617021276595744
live_llm_judge_score,8B,50,32,0.07142741936163283,0.07142741936163283,0.0,0.01565875021152277,0.055768669150110056,0.8617021276595744
live_llm_judge_score,8B,50,48,0.0714285668017729,0.0714285668017729,0.0,0.003446376021593819,0.06798219078017907,0.8617021276595744
live_llm_judge_score,8B,60,1,0.0,0.0,0.0,0.0,0.0,
live_llm_judge_score,8B,60,2,0.0,0.0,0.0,0.0,0.0,
live_llm_judge_score,8B,60,4,0.0,0.0,0.0,0.0,0.0,
live_llm_judge_score,8B,60,8,0.0,0.0,0.0,0.0,0.0,
live_llm_judge_score,8B,60,16,0.0,0.0,0.0,0.0,0.0,
live_llm_judge_score,8B,60,32,0.0,0.0,0.0,0.0,0.0,
live_llm_judge_score,8B,60,48,0.0,0.0,0.0,0.0,0.0,
live_llm_judge_score,8B,70,1,0.6458333333333334,0.6458333333333334,0.0,0.6458333333333334,0.0,0.7789373814041746
live_llm_judge_score,8B,70,2,0.7734375,0.7734375,0.0,0.7330729166666663,0.0403645833333337,0.7789373814041746
live_llm_judge_score,8B,70,4,0.8320255985966435,0.8320255985966435,0.0,0.7986806233723956,0.03334497522424784,0.7789373814041746
live_llm_judge_score,8B,70,8,0.8386220277992266,0.8386220277992266,0.0,0.8330492789987607,0.0055727488004658765,0.7789373814041746
live_llm_judge_score,8B,70,16,0.8387096566340928,0.8387096566340928,0.0,0.8707164625729286,-0.03200680593883576,0.7789373814041746
live_llm_judge_score,8B,70,32,0.8387096774193535,0.8387096774193535,0.0,0.933295588220791,-0.09458591080143741,0.7789373814041746
live_llm_judge_score,8B,70,48,0.8387096774193549,0.8387096774193549,0.0,0.970093188829572,-0.1313835114102171,0.7789373814041746
live_llm_judge_score,8B,80,1,0.0,0.0,0.0,0.0,0.0,
live_llm_judge_score,8B,80,2,0.0,0.0,0.0,0.0,0.0,
live_llm_judge_score,8B,80,4,0.0,0.0,0.0,0.0,0.0,
live_llm_judge_score,8B,80,8,0.0,0.0,0.0,0.0,0.0,
live_llm_judge_score,8B,80,16,0.0,0.0,0.0,0.0,0.0,
live_llm_judge_score,8B,80,32,0.0,0.0,0.0,0.0,0.0,
live_llm_judge_score,8B,80,48,0.0,0.0,0.0,0.0,0.0,
live_llm_judge_score,8B,90,1,0.20833333333333334,0.20833333333333334,0.0,0.20833333333333334,0.0,0.7368421052631579
live_llm_judge_score,8B,90,2,0.2864583333333333,0.2864583333333333,0.0,0.1588541666666669,0.1276041666666664,0.7368421052631579
live_llm_judge_score,8B,90,4,0.3267415364583333,0.3267415364583333,0.0,0.10183037651909743,0.22491115993923588,0.7368421052631579
live_llm_judge_score,8B,90,8,0.33320297797520954,0.33320297797520954,0.0,0.044122616212583475,0.2890803617626261,0.7368421052631579
live_llm_judge_score,8B,90,16,0.33333328235577514,0.33333328235577514,0.0,0.007164443604101832,0.3261688387516733,0.7368421052631579
live_llm_judge_score,8B,90,32,0.3333333333333255,0.3333333333333255,0.0,0.00015090008387654867,0.33318243324944896,0.7368421052631579
live_llm_judge_score,8B,90,48,0.3333333333333333,0.3333333333333333,0.0,2.7931535851596664e-06,0.33333054017974817,0.7368421052631579
live_llm_judge_score,8B,105,1,0.2708333333333333,0.2708333333333333,0.0,0.2708333333333333,0.0,0.6505494505494506
live_llm_judge_score,8B,105,2,0.33029513888888884,0.33029513888888884,0.0,0.20355902777777796,0.12673611111111088,0.6505494505494506
live_llm_judge_score,8B,105,4,0.41996953516830626,0.41996953516830626,0.0,0.12675664454330637,0.2932128906249999,0.6505494505494506
live_llm_judge_score,8B,105,8,0.5356726962086829,0.5356726962086829,0.0,0.04878235271968055,0.4868903434890023,0.6505494505494506
live_llm_judge_score,8B,105,16,0.6770094404200595,0.6770094404200595,0.0,0.005893247063713357,0.6711161933563462,0.6505494505494506
live_llm_judge_score,8B,105,32,0.8369759280769169,0.8369759280769169,0.0,7.110352124064074e-05,0.8369048245556763,0.6505494505494506
live_llm_judge_score,8B,105,48,0.9174908571611762,0.9174908571611762,0.0,7.984516994177287e-07,0.9174900587094768,0.6505494505494506
live_llm_judge_score,8B,120,1,0.22916666666666666,0.22916666666666666,0.0,0.22916666666666666,0.0,0.36977886977886976
live_llm_judge_score,8B,120,2,0.1831597222222222,0.1831597222222222,0.0,0.16796874999999978,0.015190972222222432,0.36977886977886976
live_llm_judge_score,8B,120,4,0.1641352147231867,0.1641352147231867,0.0,0.09853617350260413,0.06559904122058258,0.36977886977886976
live_llm_judge_score,8B,120,8,0.16134759477995345,0.16134759477995345,0.0,0.034162940058553186,0.12718465472140025,0.36977886977886976
live_llm_judge_score,8B,120,16,0.16129034085795116,0.16129034085795116,0.0,0.005699011252364127,0.15559132960558703,0.36977886977886976
live_llm_judge_score,8B,120,32,0.1612903225806464,0.1612903225806464,0.0,0.00014101660676757167,0.16114930597387883,0.36977886977886976
live_llm_judge_score,8B,120,48,0.16129032258064516,0.16129032258064516,0.0,2.7438541568371856e-06,0.16128757872648833,0.36977886977886976
live_llm_judge_score,8B,140,1,0.4583333333333333,0.4583333333333333,0.0,0.4583333333333333,0.0,0.5734265734265734
live_llm_judge_score,8B,140,2,0.4947916666666667,0.4947916666666667,0.0,0.42621527777777773,0.06857638888888895,0.5734265734265734
live_llm_judge_score,8B,140,4,0.4998703944830247,0.4998703944830247,0.0,0.4043055404851468,0.09556485399787795,0.5734265734265734
live_llm_judge_score,8B,140,8,0.49999990076794165,0.49999990076794165,0.0,0.4002591202049318,0.09974078056300983,0.5734265734265734
live_llm_judge_score,8B,140,16,0.49999999999994094,0.49999999999994094,0.0,0.41347814022179274,0.08652185977814819,0.5734265734265734
live_llm_judge_score,8B,140,32,0.5,0.5,0.0,0.5170345171725499,-0.01703451717254989,0.5734265734265734
live_llm_judge_score,8B,140,48,0.5,0.5,0.0,0.6409232181549795,-0.14092321815497955,0.5734265734265734
live_llm_judge_score,8B,155,1,0.3125,0.3125,0.0,0.3125,0.0,0.7363636363636363
live_llm_judge_score,8B,155,2,0.4140625,0.4140625,0.0,0.23220486111111133,0.18185763888888867,0.7363636363636363
live_llm_judge_score,8B,155,4,0.47665292245370366,0.47665292245370366,0.0,0.14885702250916297,0.3277958999445407,0.7363636363636363
live_llm_judge_score,8B,155,8,0.4973524436431289,0.4973524436431289,0.0,0.070074284397941,0.4272781592451879,0.7363636363636363
live_llm_judge_score,8B,155,16,0.4999197093411812,0.4999197093411812,0.0,0.016396769227143768,0.4835229401140374,0.7363636363636363
live_llm_judge_score,8B,155,32,0.4999999182601561,0.4999999182601561,0.0,0.0007947500675959487,0.49920516819256017,0.7363636363636363
live_llm_judge_score,8B,155,48,0.49999999994115585,0.49999999994115585,0.0,3.419401290645823e-05,0.4999658059282494,0.7363636363636363
live_llm_judge_score,8B,180,1,0.5833333333333334,0.5833333333333334,0.0,0.5833333333333334,0.0,0.9383928571428571
live_llm_judge_score,8B,180,2,0.7964409722222222,0.7964409722222222,0.0,0.7031250000000002,0.09331597222222199,0.9383928571428571
live_llm_judge_score,8B,180,4,0.9303462652512539,0.9303462652512539,0.0,0.7900842737268521,0.14026199152440177,0.9383928571428571
live_llm_judge_score,8B,180,8,0.9604186640337018,0.9604186640337018,0.0,0.8563931779156662,0.10402548611803564,0.9383928571428571
live_llm_judge_score,8B,180,16,0.9615370059831153,0.9615370059831153,0.0,0.9325993554791985,0.028937650503916834,0.9383928571428571
live_llm_judge_score,8B,180,32,0.9615384615361297,0.9615384615361297,0.0,0.9889571018707924,-0.02741864033466279,0.9383928571428571
live_llm_judge_score,8B,180,48,0.9615384615384616,0.9615384615384616,0.0,0.9985121906028901,-0.03697372906442853,0.9383928571428571
live_llm_judge_score,8B,185,1,1.0,1.0,0.0,1.0,0.0,
live_llm_judge_score,8B,185,2,1.0,1.0,0.0,1.0,0.0,
live_llm_judge_score,8B,185,4,1.0,1.0,0.0,1.0,0.0,
live_llm_judge_score,8B,185,8,1.0,1.0,0.0,1.0,0.0,
live_llm_judge_score,8B,185,16,1.0,1.0,0.0,1.0,0.0,
live_llm_judge_score,8B,185,32,1.0,1.0,0.0,1.0,0.0,
live_llm_judge_score,8B,185,48,1.0,1.0,0.0,1.0,0.0,
live_llm_judge_score,8B,195,1,0.25,0.25,0.0,0.25,0.0,0.7256944444444444
live_llm_judge_score,8B,195,2,0.33463541666666663,0.33463541666666663,0.0,0.19704861111111088,0.13758680555555575,0.7256944444444444
live_llm_judge_score,8B,195,4,0.39280700683593744,0.39280700683593744,0.0,0.1566384397907018,0.23616856704523564,0.7256944444444444
live_llm_judge_score,8B,195,8,0.40686184765460587,0.40686184765460587,0.0,0.15282075925053168,0.2540410884040742,0.7256944444444444
live_llm_judge_score,8B,195,16,0.40740667345760484,0.40740667345760484,0.0,0.20878341567448516,0.19862325778311968,0.7256944444444444
live_llm_judge_score,8B,195,32,0.4074074074060851,0.4074074074060851,0.0,0.25364417855350074,0.15376322885258437,0.7256944444444444
live_llm_judge_score,8B,195,48,0.4074074074074074,0.4074074074074074,0.0,0.23435658478559343,0.17305082262181395,0.7256944444444444
live_llm_judge_score,8B,205,1,0.5208333333333334,0.5208333333333334,0.0,0.5208333333333334,0.0,0.5217391304347826
live_llm_judge_score,8B,205,2,0.5316840277777778,0.5316840277777778,0.0,0.6210937499999999,-0.0894097222222221,0.5217391304347826
live_llm_judge_score,8B,205,4,0.5319147934148342,0.5319147934148342,0.0,0.6751013861762151,-0.1431865927613809,0.5217391304347826
live_llm_judge_score,8B,205,8,0.5319148936170024,0.5319148936170024,0.0,0.7292506117242755,-0.19733571810727313,0.5217391304347826
live_llm_judge_score,8B,205,16,0.5319148936170213,0.5319148936170213,0.0,0.8147777408062487,-0.2828628471892274,0.5217391304347826
live_llm_judge_score,8B,205,32,0.5319148936170213,0.5319148936170213,0.0,0.923226283520848,-0.39131138990382675,0.5217391304347826
live_llm_judge_score,8B,205,48,0.5319148936170213,0.5319148936170213,0.0,0.9686841702647782,-0.4367692766477569,0.5217391304347826
live_llm_judge_score,8B,220,1,0.8333333333333334,0.8333333333333334,0.0,0.8333333333333334,0.0,1.0
live_llm_judge_score,8B,220,2,0.9722222222222222,0.9722222222222222,0.0,0.848958333333333,0.12326388888888917,1.0
live_llm_judge_score,8B,220,4,0.9992283950617284,0.9992283950617284,0.0,0.8212528935185183,0.17797550154321018,1.0
live_llm_judge_score,8B,220,8,0.9999994046258193,0.9999994046258193,0.0,0.7273386534887681,0.2726607511370511,1.0
live_llm_judge_score,8B,220,16,0.9999999999996455,0.9999999999996455,0.0,0.5639307618735754,0.4360692381260701,1.0
live_llm_judge_score,8B,220,32,1.0,1.0,0.0,0.3804312816995235,0.6195687183004766,1.0
live_llm_judge_score,8B,220,48,1.0,1.0,0.0,0.27950278875680323,0.7204972112431968,1.0
live_llm_judge_score,8B,225,1,0.5416666666666666,0.5416666666666666,0.0,0.5416666666666666,0.0,0.4807692307692308
live_llm_judge_score,8B,225,2,0.5321180555555556,0.5321180555555556,0.0,0.5798611111111117,-0.047743055555556135,0.4807692307692308
live_llm_judge_score,8B,225,4,0.531914981794946,0.531914981794946,0.0,0.5999469521604943,-0.06803197036554831,0.4807692307692308
live_llm_judge_score,8B,225,8,0.5319148936170379,0.5319148936170379,0.0,0.6041485097232604,-0.07223361610622248,0.4807692307692308
live_llm_judge_score,8B,225,16,0.5319148936170213,0.5319148936170213,0.0,0.6196949269232229,-0.08778003330620165,0.4807692307692308
live_llm_judge_score,8B,225,32,0.5319148936170213,0.5319148936170213,0.0,0.6910061288154916,-0.15909123519847035,0.4807692307692308
live_llm_judge_score,8B,225,48,0.5319148936170213,0.5319148936170213,0.0,0.7508094305619328,-0.21889453694491157,0.4807692307692308
live_llm_judge_score,8B,230,1,0.14583333333333334,0.14583333333333334,0.0,0.14583333333333334,0.0,0.8536585365853658
live_llm_judge_score,8B,230,2,0.23394097222222224,0.23394097222222224,0.0,0.08289930555555558,0.15104166666666666,0.8536585365853658
live_llm_judge_score,8B,230,4,0.3193334885585455,0.3193334885585455,0.0,0.025153077678915912,0.2941804108796296,0.8536585365853658
live_llm_judge_score,8B,230,8,0.3618807397764562,0.3618807397764562,0.0,0.0030948839784097236,0.35878585579804645,0.8536585365853658
live_llm_judge_score,8B,230,16,0.3683049471812054,0.3683049471812054,0.0,4.651650626484128e-05,0.3682584306749405,0.8536585365853658
live_llm_judge_score,8B,230,32,0.36842101604171656,0.36842101604171656,0.0,7.077280745761442e-09,0.3684210089644358,0.8536585365853658
live_llm_judge_score,8B,230,48,0.3684210526200479,0.3684210526200479,0.0,8.480086762298925e-13,0.3684210526191999,0.8536585365853658
live_llm_judge_score,8B,255,1,0.16666666666666666,0.16666666666666666,0.0,0.16666666666666666,0.0,0.7
live_llm_judge_score,8B,255,2,0.2222222222222222,0.2222222222222222,0.0,0.10850694444444453,0.11371527777777768,0.7
live_llm_judge_score,8B,255,4,0.258485393759645,0.258485393759645,0.0,0.054452024860146706,0.2040333688994983,0.7
live_llm_judge_score,8B,255,8,0.26871781671046985,0.26871781671046985,0.0,0.016778060530122603,0.25193975618034725,0.7
live_llm_judge_score,8B,255,16,0.2692297492599318,0.2692297492599318,0.0,0.0015727083037086545,0.26765704095622317,0.7
live_llm_judge_score,8B,255,32,0.26923076922689726,0.26923076922689726,0.0,9.931241673671406e-06,0.2692208379852236,0.7
live_llm_judge_score,8B,255,48,0.2692307692307692,0.2692307692307692,0.0,4.932029034329717e-08,0.26923071991047887,0.7
live_llm_judge_score,8B,270,1,0.7291666666666666,0.7291666666666666,0.0,0.7291666666666666,0.0,0.5769230769230769
live_llm_judge_score,8B,270,2,0.7595486111111112,0.7595486111111112,0.0,0.7269965277777778,0.03255208333333337,0.5769230769230769
live_llm_judge_score,8B,270,4,0.7608672718942902,0.7608672718942902,0.0,0.7014195948471256,0.05944767704716458,0.5769230769230769
live_llm_judge_score,8B,270,8,0.7608695652104791,0.7608695652104791,0.0,0.6852008341390364,0.07566873107144267,0.5769230769230769
live_llm_judge_score,8B,270,16,0.7608695652173914,0.7608695652173914,0.0,0.7217279020175793,0.03914166319981205,0.5769230769230769
live_llm_judge_score,8B,270,32,0.7608695652173914,0.7608695652173914,0.0,0.8302101484747855,-0.06934058325739412,0.5769230769230769
live_llm_judge_score,8B,270,48,0.7608695652173914,0.7608695652173914,0.0,0.9040681427449413,-0.14319857752754994,0.5769230769230769
live_llm_judge_score,8B,290,1,0.3541666666666667,0.3541666666666667,0.0,0.3541666666666667,0.0,0.8111954459203036
live_llm_judge_score,8B,290,2,0.49652777777777785,0.49652777777777785,0.0,0.43532986111111094,0.06119791666666691,0.8111954459203036
live_llm_judge_score,8B,290,4,0.5896116657021605,0.5896116657021605,0.0,0.48707316834249603,0.10253849735966447,0.8111954459203036
live_llm_judge_score,8B,290,8,0.6142011290131374,0.6142011290131374,0.0,0.4740103638265423,0.14019076518659507,0.8111954459203036
live_llm_judge_score,8B,290,16,0.6153822830375856,0.6153822830375856,0.0,0.3615368398237645,0.2538454432138211,0.8111954459203036
live_llm_judge_score,8B,290,32,0.6153846153757652,0.6153846153757652,0.0,0.18870730050665982,0.4266773148691053,0.8111954459203036
live_llm_judge_score,8B,290,48,0.6153846153846154,0.6153846153846154,0.0,0.09971671199522086,0.5156679033893945,0.8111954459203036
live_llm_judge_score,8B,295,1,0.0,0.0,0.0,0.0,0.0,
live_llm_judge_score,8B,295,2,0.0,0.0,0.0,0.0,0.0,
live_llm_judge_score,8B,295,4,0.0,0.0,0.0,0.0,0.0,
live_llm_judge_score,8B,295,8,0.0,0.0,0.0,0.0,0.0,
live_llm_judge_score,8B,295,16,0.0,0.0,0.0,0.0,0.0,
live_llm_judge_score,8B,295,32,0.0,0.0,0.0,0.0,0.0,
live_llm_judge_score,8B,295,48,0.0,0.0,0.0,0.0,0.0,
live_llm_judge_score,8B,310,1,0.9375,0.9375,0.0,0.9375,0.0,0.4888888888888889
live_llm_judge_score,8B,310,2,0.9361979166666667,0.9361979166666667,0.0,0.9422743055555557,-0.006076388888888951,0.4888888888888889
live_llm_judge_score,8B,310,4,0.9361702247902199,0.9361702247902199,0.0,0.9448421148606292,-0.00867189007040925,0.4888888888888889
live_llm_judge_score,8B,310,8,0.9361702127659597,0.9361702127659597,0.0,0.9489944447793998,-0.012824232013440073,0.4888888888888889
live_llm_judge_score,8B,310,16,0.9361702127659575,0.9361702127659575,0.0,0.9737939015534584,-0.037623688787500886,0.4888888888888889
live_llm_judge_score,8B,310,32,0.9361702127659575,0.9361702127659575,0.0,0.9964784088835894,-0.06030819611763194,0.4888888888888889
live_llm_judge_score,8B,310,48,0.9361702127659575,0.9361702127659575,0.0,0.999640572803915,-0.06347036003795758,0.4888888888888889
live_llm_judge_score,8B,315,1,0.10416666666666667,0.10416666666666667,0.0,0.10416666666666667,0.0,0.5953488372093023
live_llm_judge_score,8B,315,2,0.12196180555555557,0.12196180555555557,0.0,0.08289930555555561,0.03906249999999996,0.5953488372093023
live_llm_judge_score,8B,315,4,0.13792909221884644,0.13792909221884644,0.0,0.07665770730854563,0.06127138491030082,0.5953488372093023
live_llm_judge_score,8B,315,8,0.14240513144570138,0.14240513144570138,0.0,0.09868851663591494,0.04371661480978645,0.5953488372093023
live_llm_judge_score,8B,315,16,0.14284852575461576,0.14284852575461576,0.0,0.10754271478752157,0.03530581096709419,0.5953488372093023
live_llm_judge_score,8B,315,32,0.14285714152484028,0.14285714152484028,0.0,0.06502042909342826,0.07783671243141202,0.5953488372093023
live_llm_judge_score,8B,315,48,0.1428571428569998,0.1428571428569998,0.0,0.02979476835282186,0.11306237450417794,0.5953488372093023
live_llm_judge_score,8B,320,1,0.3333333333333333,0.3333333333333333,0.0,0.3333333333333333,0.0,0.640625
live_llm_judge_score,8B,320,2,0.3958333333333333,0.3958333333333333,0.0,0.42013888888888895,-0.024305555555555636,0.640625
live_llm_judge_score,8B,320,4,0.4097493489583333,0.4097493489583333,0.0,0.4645694685570986,-0.05482011959876526,0.640625
live_llm_judge_score,8B,320,8,0.4102557835479577,0.4102557835479577,0.0,0.5163992613524473,-0.10614347780448957,0.640625
live_llm_judge_score,8B,320,16,0.4102564102554529,0.4102564102554529,0.0,0.560594018813636,-0.15033760855818312,0.640625
live_llm_judge_score,8B,320,32,0.41025641025641024,0.41025641025641024,0.0,0.48103458211365846,-0.07077817185724822,0.640625
live_llm_judge_score,8B,320,48,0.41025641025641024,0.41025641025641024,0.0,0.3589559256943893,0.051300484562020965,0.640625
live_llm_judge_score,8B,340,1,0.0,0.0,0.0,0.0,0.0,
live_llm_judge_score,8B,340,2,0.0,0.0,0.0,0.0,0.0,
live_llm_judge_score,8B,340,4,0.0,0.0,0.0,0.0,0.0,
live_llm_judge_score,8B,340,8,0.0,0.0,0.0,0.0,0.0,
live_llm_judge_score,8B,340,16,0.0,0.0,0.0,0.0,0.0,
live_llm_judge_score,8B,340,32,0.0,0.0,0.0,0.0,0.0,
live_llm_judge_score,8B,340,48,0.0,0.0,0.0,0.0,0.0,
live_llm_judge_score,8B,345,1,0.5416666666666666,0.5416666666666666,0.0,0.5416666666666666,0.0,0.7272727272727273
live_llm_judge_score,8B,345,2,0.654513888888889,0.654513888888889,0.0,0.6111111111111108,0.04340277777777812,0.7272727272727273
live_llm_judge_score,8B,345,4,0.6829216097608025,0.6829216097608025,0.0,0.6853012273341047,-0.002379617573302184,0.7272727272727273
live_llm_judge_score,8B,345,8,0.6842080982533412,0.6842080982533412,0.0,0.7718602841113296,-0.0876521858579884,0.7272727272727273
live_llm_judge_score,8B,345,16,0.6842105263071729,0.6842105263071729,0.0,0.8584205505025625,-0.17421002419538956,0.7272727272727273
live_llm_judge_score,8B,345,32,0.6842105263157895,0.6842105263157895,0.0,0.9328783429330163,-0.2486678166172268,0.7272727272727273
live_llm_judge_score,8B,345,48,0.6842105263157895,0.6842105263157895,0.0,0.9700814012717747,-0.2858708749559852,0.7272727272727273
live_llm_judge_score,8B,355,1,0.0,0.0,0.0,0.0,0.0,
live_llm_judge_score,8B,355,2,0.0,0.0,0.0,0.0,0.0,
live_llm_judge_score,8B,355,4,0.0,0.0,0.0,0.0,0.0,
live_llm_judge_score,8B,355,8,0.0,0.0,0.0,0.0,0.0,
live_llm_judge_score,8B,355,16,0.0,0.0,0.0,0.0,0.0,
live_llm_judge_score,8B,355,32,0.0,0.0,0.0,0.0,0.0,
live_llm_judge_score,8B,355,48,0.0,0.0,0.0,0.0,0.0,
live_llm_judge_score,8B,370,1,1.0,1.0,0.0,1.0,0.0,
live_llm_judge_score,8B,370,2,1.0,1.0,0.0,1.0,0.0,
live_llm_judge_score,8B,370,4,1.0,1.0,0.0,1.0,0.0,
live_llm_judge_score,8B,370,8,1.0,1.0,0.0,1.0,0.0,
live_llm_judge_score,8B,370,16,1.0,1.0,0.0,1.0,0.0,
live_llm_judge_score,8B,370,32,1.0,1.0,0.0,1.0,0.0,
live_llm_judge_score,8B,370,48,1.0,1.0,0.0,1.0,0.0,
live_llm_judge_score,8B,385,1,0.5,0.5,0.0,0.5,0.0,0.8333333333333334
live_llm_judge_score,8B,385,2,0.6666666666666666,0.6666666666666666,0.0,0.6145833333333335,0.05208333333333315,0.8333333333333334
live_llm_judge_score,8B,385,4,0.7407407407407408,0.7407407407407408,0.0,0.7406435366030095,9.720413773128822e-05,0.8333333333333334
live_llm_judge_score,8B,385,8,0.7498856881572931,0.7498856881572931,0.0,0.8724455221295937,-0.12255983397230064,0.8333333333333334
live_llm_judge_score,8B,385,16,0.7499999825770701,0.7499999825770701,0.0,0.9632210167596794,-0.2132210341826093,0.8333333333333334
live_llm_judge_score,8B,385,32,0.7499999999999996,0.7499999999999996,0.0,0.9962754959046933,-0.24627549590469378,0.8333333333333334
live_llm_judge_score,8B,385,48,0.75,0.75,0.0,0.9996370790848712,-0.2496370790848712,0.8333333333333334
live_llm_judge_score,8B,390,1,0.041666666666666664,0.041666666666666664,0.0,0.041666666666666664,0.0,0.6739130434782609
live_llm_judge_score,8B,390,2,0.05555555555555555,0.05555555555555555,0.0,0.059027777777777735,-0.003472222222222182,0.6739130434782609
live_llm_judge_score,8B,390,4,0.0617283950617284,0.0617283950617284,0.0,0.06389551986882719,-0.00216712480709879,0.6739130434782609
live_llm_judge_score,8B,390,8,0.062490474013107755,0.062490474013107755,0.0,0.04698612363354649,0.015504350379561264,0.6739130434782609
live_llm_judge_score,8B,390,16,0.06249999854808918,0.06249999854808918,0.0,0.018150979714430134,0.04434901883365905,0.6739130434782609
live_llm_judge_score,8B,390,32,0.062499999999999965,0.062499999999999965,0.0,0.0016243558590962467,0.06087564414090372,0.6739130434782609
live_llm_judge_score,8B,390,48,0.0625,0.0625,0.0,0.0001112964716796611,0.062388703528320336,0.6739130434782609
live_llm_judge_score,8B,415,1,0.08333333333333333,0.08333333333333333,0.0,0.08333333333333333,0.0,0.375
live_llm_judge_score,8B,415,2,0.06423611111111108,0.06423611111111108,0.0,0.0460069444444445,0.018229166666666574,0.375
live_llm_judge_score,8B,415,4,0.022405930507330234,0.022405930507330234,0.0,0.010253529489776252,0.012152401017553983,0.375
live_llm_judge_score,8B,415,8,0.0020729076360576455,0.0020729076360576455,0.0,0.00040860301379901993,0.0016643046222586256,0.375
live_llm_judge_score,8B,415,16,1.6765878444191302e-05,1.6765878444191302e-05,0.0,5.002972636336863e-07,1.6265581180557616e-05,0.375
live_llm_judge_score,8B,415,32,9.893652520099653e-10,9.893652520099653e-10,0.0,5.524159684531676e-13,9.888128360415121e-10,0.375
live_llm_judge_score,8B,415,48,5.507162265850966e-14,5.507162265850966e-14,0.0,5.144497255837405e-19,5.5071108208784075e-14,0.375
live_llm_judge_score,8B,420,1,0.5208333333333334,0.5208333333333334,0.0,0.5208333333333334,0.0,0.5
live_llm_judge_score,8B,420,2,0.5208333333333334,0.5208333333333334,0.0,0.4978298611111109,0.023003472222222487,0.5
live_llm_judge_score,8B,420,4,0.5208333333333334,0.5208333333333334,0.0,0.4778432963806902,0.042990036952643196,0.5
live_llm_judge_score,8B,420,8,0.5208333333333334,0.5208333333333334,0.0,0.40914111774632056,0.11169221558701281,0.5
live_llm_judge_score,8B,420,16,0.5208333333333334,0.5208333333333334,0.0,0.3219865895952179,0.19884674373811545,0.5
live_llm_judge_score,8B,420,32,0.5208333333333334,0.5208333333333334,0.0,0.2741180631411574,0.24671527019217598,0.5
live_llm_judge_score,8B,420,48,0.5208333333333334,0.5208333333333334,0.0,0.23820930748482966,0.2826240258485037,0.5
live_llm_judge_score,8B,430,1,0.9791666666666666,0.9791666666666666,0.0,0.9791666666666666,0.0,1.0
live_llm_judge_score,8B,430,2,0.9995659722222222,0.9995659722222222,0.0,0.9952256944444444,0.00434027777777779,1.0
live_llm_judge_score,8B,430,4,0.9999998116198882,0.9999998116198882,0.0,0.9998735969449267,0.00012621467496143346,1.0
live_llm_judge_score,8B,430,8,0.9999999999999645,0.9999999999999645,0.0,0.9999999542574907,4.5742473808729756e-08,1.0
live_llm_judge_score,8B,430,16,1.0,1.0,0.0,0.9999999999999967,3.3306690738754696e-15,1.0
live_llm_judge_score,8B,430,32,1.0,1.0,0.0,1.0,0.0,1.0
live_llm_judge_score,8B,430,48,1.0,1.0,0.0,1.0,0.0,1.0
live_llm_judge_score,8B,435,1,0.2916666666666667,0.2916666666666667,0.0,0.2916666666666667,0.0,0.851890756302521
live_llm_judge_score,8B,435,2,0.43706597222222215,0.43706597222222215,0.0,0.2960069444444444,0.14105902777777773,0.851890756302521
live_llm_judge_score,8B,435,4,0.551181180977527,0.551181180977527,0.0,0.31591759198977604,0.23526358898775096,0.851890756302521
live_llm_judge_score,8B,435,8,0.5947997631167508,0.5947997631167508,0.0,0.3615327558910017,0.23326700722574906,0.851890756302521
live_llm_judge_score,8B,435,16,0.5999295161495571,0.5999295161495571,0.0,0.3980456778513073,0.20188383829824985,0.851890756302521
live_llm_judge_score,8B,435,32,0.5999999870922572,0.5999999870922572,0.0,0.35090617784612543,0.24909380924613178,0.851890756302521
live_llm_judge_score,8B,435,48,0.599999999997677,0.599999999997677,0.0,0.2744113843957046,0.32558861560197233,0.851890756302521
live_llm_judge_score,8B,440,1,0.9375,0.9375,0.0,0.9375,0.0,1.0
live_llm_judge_score,8B,440,2,0.99609375,0.99609375,0.0,0.9379340277777779,0.0581597222222221,1.0
live_llm_judge_score,8B,440,4,0.9999847412109375,0.9999847412109375,0.0,0.9334311779634453,0.06655356324749218,1.0
live_llm_judge_score,8B,440,8,0.9999999997671694,0.9999999997671694,0.0,0.9161469091972074,0.08385309056996193,1.0
live_llm_judge_score,8B,440,16,1.0,1.0,0.0,0.9235099544299427,0.07649004557005734,1.0
live_llm_judge_score,8B,440,32,1.0,1.0,0.0,0.9678302299630657,0.03216977003693433,1.0
live_llm_judge_score,8B,440,48,1.0,1.0,0.0,0.9897407734667772,0.010259226533222754,1.0
live_llm_judge_score,8B,445,1,0.020833333333333332,0.020833333333333332,0.0,0.020833333333333332,0.0,0.9042553191489362
live_llm_judge_score,8B,445,2,0.037326388888888895,0.037326388888888895,0.0,0.002170138888888889,0.03515625000000001,0.9042553191489362
live_llm_judge_score,8B,445,4,0.060720184702932105,0.060720184702932105,0.0,1.2244707272376543e-05,0.06070793999565973,0.9042553191489362
live_llm_judge_score,8B,445,8,0.08457096110228231,0.08457096110228231,0.0,2.2374595461631581e-10,0.08457096087853636,0.9042553191489362
live_llm_judge_score,8B,445,16,0.09761944758692714,0.09761944758692714,0.0,5.412757704936617e-20,0.09761944758692714,0.9042553191489362
live_llm_judge_score,8B,445,32,0.09994332970208614,0.09994332970208614,0.0,2.938729065594862e-39,0.09994332970208614,0.9042553191489362
live_llm_judge_score,8B,445,48,0.09999865093385552,0.09999865093385552,0.0,1.5930919055108464e-58,0.09999865093385552,0.9042553191489362
live_llm_judge_score,8B,460,1,0.041666666666666664,0.041666666666666664,0.0,0.041666666666666664,0.0,0.8043478260869565
live_llm_judge_score,8B,460,2,0.06597222222222221,0.06597222222222221,0.0,0.030381944444444295,0.035590277777777915,0.8043478260869565
live_llm_judge_score,8B,460,4,0.08842110339506173,0.08842110339506173,0.0,0.030948968581211305,0.057472134813850426,0.8043478260869565
live_llm_judge_score,8B,460,8,0.0986592915341215,0.0986592915341215,0.0,0.016539864703195753,0.08211942683092574,0.8043478260869565
live_llm_judge_score,8B,460,16,0.09998202500809522,0.09998202500809522,0.0,0.0023699151591948216,0.0976121098489004,0.8043478260869565
live_llm_judge_score,8B,460,32,0.09999999676899667,0.09999999676899667,0.0,2.4652058369659177e-05,0.09997534471062701,0.8043478260869565
live_llm_judge_score,8B,460,48,0.09999999999941923,0.09999999999941923,0.0,1.956522564340218e-07,0.0999998043471628,0.8043478260869565
live_llm_judge_score,8B,470,1,0.0,0.0,0.0,0.0,0.0,
live_llm_judge_score,8B,470,2,0.0,0.0,0.0,0.0,0.0,
live_llm_judge_score,8B,470,4,0.0,0.0,0.0,0.0,0.0,
live_llm_judge_score,8B,470,8,0.0,0.0,0.0,0.0,0.0,
live_llm_judge_score,8B,470,16,0.0,0.0,0.0,0.0,0.0,
live_llm_judge_score,8B,470,32,0.0,0.0,0.0,0.0,0.0,
live_llm_judge_score,8B,470,48,0.0,0.0,0.0,0.0,0.0,
live_llm_judge_score,8B,475,1,0.041666666666666664,0.041666666666666664,0.0,0.041666666666666664,0.0,0.9021739130434783
live_llm_judge_score,8B,475,2,0.07378472222222222,0.07378472222222222,0.0,0.04687500000000008,0.02690972222222214,0.9021739130434783
live_llm_judge_score,8B,475,4,0.1176264256606867,0.1176264256606867,0.0,0.0384928385416667,0.07913358711902001,0.9021739130434783
live_llm_judge_score,8B,475,8,0.1591549832459736,0.1591549832459736,0.0,0.020412093940585768,0.13874288930538783,0.9021739130434783
live_llm_judge_score,8B,475,16,0.17899326868580345,0.17899326868580345,0.0,0.0036368061067701463,0.1753564625790333,0.9021739130434783
live_llm_judge_score,8B,475,32,0.18177429108005166,0.18177429108005166,0.0,5.967143031905936e-05,0.1817146196497326,0.9021739130434783
live_llm_judge_score,8B,475,48,0.1818174998868079,0.1818174998868079,0.0,7.463666201066077e-07,0.18181675352018778,0.9021739130434783
live_llm_judge_score,8B,480,1,0.5208333333333334,0.5208333333333334,0.0,0.5208333333333334,0.0,0.7730434782608696
live_llm_judge_score,8B,480,2,0.6571180555555555,0.6571180555555555,0.0,0.47873263888888884,0.17838541666666663,0.7730434782608696
live_llm_judge_score,8B,480,4,0.795347237292631,0.795347237292631,0.0,0.45736562469859154,0.33798161259403947,0.7730434782608696
live_llm_judge_score,8B,480,8,0.8727154379296491,0.8727154379296491,0.0,0.4446027876002329,0.4281126503294162,0.7730434782608696
live_llm_judge_score,8B,480,16,0.8884471696119137,0.8884471696119137,0.0,0.42463262458828493,0.4638145450236288,0.7730434782608696
live_llm_judge_score,8B,480,32,0.8888886302539925,0.8888886302539925,0.0,0.352855974545133,0.5360326557088595,0.7730434782608696
live_llm_judge_score,8B,480,48,0.8888888887474337,0.8888888887474337,0.0,0.2745324210097834,0.6143564677376503,0.7730434782608696
live_llm_judge_score,8B,495,1,0.3333333333333333,0.3333333333333333,0.0,0.3333333333333333,0.0,0.78125
live_llm_judge_score,8B,495,2,0.45833333333333326,0.45833333333333326,0.0,0.4565972222222223,0.0017361111111109384,0.78125
live_llm_judge_score,8B,495,4,0.5535300925925926,0.5535300925925926,0.0,0.5460152331693673,0.007514859423225273,0.78125
live_llm_judge_score,8B,495,8,0.5946370470616498,0.5946370470616498,0.0,0.6158100259857251,-0.021172978924075325,0.78125
live_llm_judge_score,8B,495,16,0.59992810003231,0.59992810003231,0.0,0.6896096917197538,-0.08968159168744383,0.78125
live_llm_judge_score,8B,495,32,0.5999999870759867,0.5999999870759867,0.0,0.7328295219939485,-0.1328295349179618,0.78125
live_llm_judge_score,8B,495,48,0.5999999999976768,0.5999999999976768,0.0,0.7640082677070041,-0.1640082677093273,0.78125
