score_name,model,N,actual_acc,predicted_acc,MAE,auc,tie_rate,num_problems,mean_logprob_actual_acc,improves_over_meanlogp
mean_logprob,3B,1,0.37962962962962965,0.37962962962962965,0.0,0.5550547764481202,0.0,99,0.37962962962962965,False
mean_logprob,3B,2,0.3977009680134681,0.3977009680134681,0.0,0.5550547764481202,0.0,99,0.3977009680134681,False
mean_logprob,3B,4,0.4062277483128449,0.4062277483128449,0.0,0.5550547764481202,0.0,99,0.4062277483128449,False
mean_logprob,3B,8,0.40897945388399287,0.40897945388399287,0.0,0.5550547764481202,0.0,99,0.40897945388399287,False
mean_logprob,3B,16,0.4076556410242423,0.4076556410242423,0.0,0.5550547764481202,0.0,99,0.4076556410242423,False
mean_logprob,3B,32,0.40978929172835066,0.40978929172835066,0.0,0.5550547764481202,0.0,99,0.40978929172835066,False
mean_logprob,3B,48,0.41749372448452715,0.41749372448452715,0.0,0.5550547764481202,0.0,99,0.41749372448452715,False
mean_logprob,70B,1,0.6716666666666667,0.6716666666666667,0.0,0.5601390176185382,0.00014184397163120567,100,0.6716666666666667,False
mean_logprob,70B,2,0.6781163194444444,0.6781163194444444,0.0,0.5601390176185382,0.00014184397163120567,100,0.6781163194444444,False
mean_logprob,70B,4,0.6779473161108701,0.6779473161108701,0.0,0.5601390176185382,0.00014184397163120567,100,0.6779473161108701,False
mean_logprob,70B,8,0.6725469836924316,0.6725469836924316,0.0,0.5601390176185382,0.00014184397163120567,100,0.6725469836924316,False
mean_logprob,70B,16,0.6614181792194921,0.6614181792194921,0.0,0.5601390176185382,0.00014184397163120567,100,0.6614181792194921,False
mean_logprob,70B,32,0.6490536672742809,0.6490536672742809,0.0,0.5601390176185382,0.00014184397163120567,100,0.6490536672742809,False
mean_logprob,70B,48,0.6454018847844877,0.6454018847844877,0.0,0.5601390176185382,0.00014184397163120567,100,0.6454018847844877,False
mean_logprob,8B,1,0.39604166666666674,0.39604166666666674,0.0,0.5454064497265418,0.0,100,0.39604166666666674,False
mean_logprob,8B,2,0.40663628472222224,0.40663628472222224,0.0,0.5454064497265418,0.0,100,0.40663628472222224,False
mean_logprob,8B,4,0.41024037490656345,0.41024037490656345,0.0,0.5454064497265418,0.0,100,0.41024037490656345,False
mean_logprob,8B,8,0.4096932114954122,0.4096932114954122,0.0,0.5454064497265418,0.0,100,0.4096932114954122,False
mean_logprob,8B,16,0.40733732680365925,0.40733732680365925,0.0,0.5454064497265418,0.0,100,0.40733732680365925,False
mean_logprob,8B,32,0.4006571739220717,0.4006571739220717,0.0,0.5454064497265418,0.0,100,0.4006571739220717,False
mean_logprob,8B,48,0.3943425419966981,0.3943425419966981,0.0,0.5454064497265418,0.0,100,0.3943425419966981,False
mean_logprob,Dracarys70B,1,0.55,0.55,0.0,0.5192108924777633,0.0,100,0.55,False
mean_logprob,Dracarys70B,2,0.5510156250000001,0.5510156250000001,0.0,0.5192108924777633,0.0,100,0.5510156250000001,False
mean_logprob,Dracarys70B,4,0.5501064611364295,0.5501064611364295,0.0,0.5192108924777633,0.0,100,0.5501064611364295,False
mean_logprob,Dracarys70B,8,0.545812655555037,0.545812655555037,0.0,0.5192108924777633,0.0,100,0.545812655555037,False
mean_logprob,Dracarys70B,16,0.5398721623926065,0.5398721623926065,0.0,0.5192108924777633,0.0,100,0.5398721623926065,False
mean_logprob,Dracarys70B,32,0.5338655978975446,0.5338655978975446,0.0,0.5192108924777633,0.0,100,0.5338655978975446,False
mean_logprob,Dracarys70B,48,0.5300512122732491,0.5300512122732491,0.0,0.5192108924777633,0.0,100,0.5300512122732491,False
mean_logprob,GLM5,1,0.7966666666666665,0.7966666666666665,0.0,0.6351638839432127,0.0,100,0.7966666666666665,False
mean_logprob,GLM5,2,0.811796875,0.811796875,0.0,0.6351638839432127,0.0,100,0.811796875,False
mean_logprob,GLM5,4,0.8193375990125868,0.8193375990125868,0.0,0.6351638839432127,0.0,100,0.8193375990125868,False
mean_logprob,GLM5,8,0.8211512603423275,0.8211512603423275,0.0,0.6351638839432127,0.0,100,0.8211512603423275,False
mean_logprob,GLM5,16,0.8198533336430603,0.8198533336430603,0.0,0.6351638839432127,0.0,100,0.8198533336430603,False
mean_logprob,GLM5,32,0.8197005558455956,0.8197005558455956,0.0,0.6351638839432127,0.0,100,0.8197005558455956,False
mean_logprob,GLM5,48,0.8205810005707945,0.8205810005707945,0.0,0.6351638839432127,0.0,100,0.8205810005707945,False
mean_logprob,Gemma3n2B,1,0.65375,0.65375,0.0,0.5983958528529492,1.773049645390071e-05,100,0.65375,False
mean_logprob,Gemma3n2B,2,0.6644791666666667,0.6644791666666667,0.0,0.5983958528529492,1.773049645390071e-05,100,0.6644791666666667,False
mean_logprob,Gemma3n2B,4,0.6680988679108795,0.6680988679108795,0.0,0.5983958528529492,1.773049645390071e-05,100,0.6680988679108795,False
mean_logprob,Gemma3n2B,8,0.6707403298904143,0.6707403298904143,0.0,0.5983958528529492,1.773049645390071e-05,100,0.6707403298904143,False
mean_logprob,Gemma3n2B,16,0.6746830165321451,0.6746830165321451,0.0,0.5983958528529492,1.773049645390071e-05,100,0.6746830165321451,False
mean_logprob,Gemma3n2B,32,0.6790603971546099,0.6790603971546099,0.0,0.5983958528529492,1.773049645390071e-05,100,0.6790603971546099,False
mean_logprob,Gemma3n2B,48,0.6811896595518356,0.6811896595518356,0.0,0.5983958528529492,1.773049645390071e-05,100,0.6811896595518356,False
mean_logprob,Gemma3n4B,1,0.72875,0.72875,0.0,0.5879733882183499,8.865248226950355e-06,100,0.72875,False
mean_logprob,Gemma3n4B,2,0.7349479166666667,0.7349479166666667,0.0,0.5879733882183499,8.865248226950355e-06,100,0.7349479166666667,False
mean_logprob,Gemma3n4B,4,0.7377189579716433,0.7377189579716433,0.0,0.5879733882183499,8.865248226950355e-06,100,0.7377189579716433,False
mean_logprob,Gemma3n4B,8,0.7384522250219651,0.7384522250219651,0.0,0.5879733882183499,8.865248226950355e-06,100,0.7384522250219651,False
mean_logprob,Gemma3n4B,16,0.7390677588410967,0.7390677588410967,0.0,0.5879733882183499,8.865248226950355e-06,100,0.7390677588410967,False
mean_logprob,Gemma3n4B,32,0.7394356987800194,0.7394356987800194,0.0,0.5879733882183499,8.865248226950355e-06,100,0.7394356987800194,False
mean_logprob,Gemma3n4B,48,0.7406077977527495,0.7406077977527495,0.0,0.5879733882183499,8.865248226950355e-06,100,0.7406077977527495,False
mean_logprob,KimiK2,1,0.7314583333333333,0.7314583333333333,0.0,0.5202936539493652,0.0,100,0.7314583333333333,False
mean_logprob,KimiK2,2,0.7313498263888889,0.7313498263888889,0.0,0.5202936539493652,0.0,100,0.7313498263888889,False
mean_logprob,KimiK2,4,0.7323787416057822,0.7323787416057822,0.0,0.5202936539493652,0.0,100,0.7323787416057822,False
mean_logprob,KimiK2,8,0.7346406243714766,0.7346406243714766,0.0,0.5202936539493652,0.0,100,0.7346406243714766,False
mean_logprob,KimiK2,16,0.7380249799007942,0.7380249799007942,0.0,0.5202936539493652,0.0,100,0.7380249799007942,False
mean_logprob,KimiK2,32,0.7410681048281629,0.7410681048281629,0.0,0.5202936539493652,0.0,100,0.7410681048281629,False
mean_logprob,KimiK2,48,0.7430144815598441,0.7430144815598441,0.0,0.5202936539493652,0.0,100,0.7430144815598441,False
mean_logprob,Maverick17B,1,0.7929166666666667,0.7929166666666667,0.0,0.5713120706306244,0.0002925531914893617,100,0.7929166666666667,False
mean_logprob,Maverick17B,2,0.7990364583333335,0.7990364583333335,0.0,0.5713120706306244,0.0002925531914893617,100,0.7990364583333335,False
mean_logprob,Maverick17B,4,0.8010466512044271,0.8010466512044271,0.0,0.5713120706306244,0.0002925531914893617,100,0.8010466512044271,False
mean_logprob,Maverick17B,8,0.8014230869072552,0.8014230869072552,0.0,0.5713120706306244,0.0002925531914893617,100,0.8014230869072552,False
mean_logprob,Maverick17B,16,0.8011387070950934,0.8011387070950934,0.0,0.5713120706306244,0.0002925531914893617,100,0.8011387070950934,False
mean_logprob,Maverick17B,32,0.8038023385096065,0.8038023385096065,0.0,0.5713120706306244,0.0002925531914893617,100,0.8038023385096065,False
mean_logprob,Maverick17B,48,0.8079298224540712,0.8079298224540712,0.0,0.5713120706306244,0.0002925531914893617,100,0.8079298224540712,False
mean_logprob,MiniMax,1,0.653125,0.653125,0.0,0.5235440389374368,0.0,100,0.653125,False
mean_logprob,MiniMax,2,0.6548914930555556,0.6548914930555556,0.0,0.5235440389374368,0.0,100,0.6548914930555556,False
mean_logprob,MiniMax,4,0.6527149774998794,0.6527149774998794,0.0,0.5235440389374368,0.0,100,0.6527149774998794,False
mean_logprob,MiniMax,8,0.645136948563865,0.645136948563865,0.0,0.5235440389374368,0.0,100,0.645136948563865,False
mean_logprob,MiniMax,16,0.6328617893609614,0.6328617893609614,0.0,0.5235440389374368,0.0,100,0.6328617893609614,False
mean_logprob,MiniMax,32,0.6182462880273356,0.6182462880273356,0.0,0.5235440389374368,0.0,100,0.6182462880273356,False
mean_logprob,MiniMax,48,0.6108784561759171,0.6108784561759171,0.0,0.5235440389374368,0.0,100,0.6108784561759171,False
mean_logprob,Ministral14B,1,0.668125,0.668125,0.0,0.5771353807075015,3.546099290780142e-05,100,0.668125,False
mean_logprob,Ministral14B,2,0.6735460069444444,0.6735460069444444,0.0,0.5771353807075015,3.546099290780142e-05,100,0.6735460069444444,False
mean_logprob,Ministral14B,4,0.6755138952938127,0.6755138952938127,0.0,0.5771353807075015,3.546099290780142e-05,100,0.6755138952938127,False
mean_logprob,Ministral14B,8,0.6771078346930507,0.6771078346930507,0.0,0.5771353807075015,3.546099290780142e-05,100,0.6771078346930507,False
mean_logprob,Ministral14B,16,0.6794403108047828,0.6794403108047828,0.0,0.5771353807075015,3.546099290780142e-05,100,0.6794403108047828,False
mean_logprob,Ministral14B,32,0.6812811672338932,0.6812811672338932,0.0,0.5771353807075015,3.546099290780142e-05,100,0.6812811672338932,False
mean_logprob,Ministral14B,48,0.6816306216945369,0.6816306216945369,0.0,0.5771353807075015,3.546099290780142e-05,100,0.6816306216945369,False
mean_logprob,MistralLarge675B,1,0.715625,0.715625,0.0,0.5329094441607597,0.00023049645390070924,100,0.715625,False
mean_logprob,MistralLarge675B,2,0.7170095486111111,0.7170095486111111,0.0,0.5329094441607597,0.00023049645390070924,100,0.7170095486111111,False
mean_logprob,MistralLarge675B,4,0.7186585056634597,0.7186585056634597,0.0,0.5329094441607597,0.00023049645390070924,100,0.7186585056634597,False
mean_logprob,MistralLarge675B,8,0.7202688590237734,0.7202688590237734,0.0,0.5329094441607597,0.00023049645390070924,100,0.7202688590237734,False
mean_logprob,MistralLarge675B,16,0.7216216129450159,0.7216216129450159,0.0,0.5329094441607597,0.00023049645390070924,100,0.7216216129450159,False
mean_logprob,MistralLarge675B,32,0.7238571041932369,0.7238571041932369,0.0,0.5329094441607597,0.00023049645390070924,100,0.7238571041932369,False
mean_logprob,MistralLarge675B,48,0.7256835422812733,0.7256835422812733,0.0,0.5329094441607597,0.00023049645390070924,100,0.7256835422812733,False
mean_logprob,MistralNemotron,1,0.7254166666666667,0.7254166666666667,0.0,0.292376582788934,0.0,100,0.7254166666666667,False
mean_logprob,MistralNemotron,2,0.7113888888888888,0.7113888888888888,0.0,0.292376582788934,0.0,100,0.7113888888888888,False
mean_logprob,MistralNemotron,4,0.7003958619671102,0.7003958619671102,0.0,0.292376582788934,0.0,100,0.7003958619671102,False
mean_logprob,MistralNemotron,8,0.6879014860455888,0.6879014860455888,0.0,0.292376582788934,0.0,100,0.6879014860455888,False
mean_logprob,MistralNemotron,16,0.6712519003196721,0.6712519003196721,0.0,0.292376582788934,0.0,100,0.6712519003196721,False
mean_logprob,MistralNemotron,32,0.649812951322557,0.649812951322557,0.0,0.292376582788934,0.0,100,0.649812951322557,False
mean_logprob,MistralNemotron,48,0.6369418085806765,0.6369418085806765,0.0,0.292376582788934,0.0,100,0.6369418085806765,False
mean_logprob,MistralSmall119B,1,0.7093750000000001,0.7093750000000001,0.0,0.4634522941022993,0.0,100,0.7093750000000001,False
mean_logprob,MistralSmall119B,2,0.7082161458333335,0.7082161458333335,0.0,0.4634522941022993,0.0,100,0.7082161458333335,False
mean_logprob,MistralSmall119B,4,0.7070585293240018,0.7070585293240018,0.0,0.4634522941022993,0.0,100,0.7070585293240018,False
mean_logprob,MistralSmall119B,8,0.7049190142215656,0.7049190142215656,0.0,0.4634522941022993,0.0,100,0.7049190142215656,False
mean_logprob,MistralSmall119B,16,0.7033212831089541,0.7033212831089541,0.0,0.4634522941022993,0.0,100,0.7033212831089541,False
mean_logprob,MistralSmall119B,32,0.7048224908632704,0.7048224908632704,0.0,0.4634522941022993,0.0,100,0.7048224908632704,False
mean_logprob,MistralSmall119B,48,0.7067412063519762,0.7067412063519762,0.0,0.4634522941022993,0.0,100,0.7067412063519762,False
mean_logprob,Mixtral8x22B,1,0.44375,0.44375,0.0,0.6366498433924376,0.0,100,0.44375,False
mean_logprob,Mixtral8x22B,2,0.46767361111111116,0.46767361111111116,0.0,0.6366498433924376,0.0,100,0.46767361111111116,False
mean_logprob,Mixtral8x22B,4,0.4794752182195216,0.4794752182195216,0.0,0.6366498433924376,0.0,100,0.4794752182195216,False
mean_logprob,Mixtral8x22B,8,0.48273773213803894,0.48273773213803894,0.0,0.6366498433924376,0.0,100,0.48273773213803894,False
mean_logprob,Mixtral8x22B,16,0.4822183464543112,0.4822183464543112,0.0,0.6366498433924376,0.0,100,0.4822183464543112,False
mean_logprob,Mixtral8x22B,32,0.48085590671371714,0.48085590671371714,0.0,0.6366498433924376,0.0,100,0.48085590671371714,False
mean_logprob,Mixtral8x22B,48,0.479358057369338,0.479358057369338,0.0,0.6366498433924376,0.0,100,0.479358057369338,False
mean_logprob,Mixtral8x7B,1,0.23979166666666665,0.23979166666666665,0.0,0.5286021656801211,0.00046985815602836885,100,0.23979166666666665,False
mean_logprob,Mixtral8x7B,2,0.24976128472222223,0.24976128472222223,0.0,0.5286021656801211,0.00046985815602836885,100,0.24976128472222223,False
mean_logprob,Mixtral8x7B,4,0.25388408331223483,0.25388408331223483,0.0,0.5286021656801211,0.00046985815602836885,100,0.25388408331223483,False
mean_logprob,Mixtral8x7B,8,0.25357760082432695,0.25357760082432695,0.0,0.5286021656801211,0.00046985815602836885,100,0.25357760082432695,False
mean_logprob,Mixtral8x7B,16,0.24873292358437624,0.24873292358437624,0.0,0.5286021656801211,0.00046985815602836885,100,0.24873292358437624,False
mean_logprob,Mixtral8x7B,32,0.24155443352887937,0.24155443352887937,0.0,0.5286021656801211,0.00046985815602836885,100,0.24155443352887937,False
mean_logprob,Mixtral8x7B,48,0.23891118677648135,0.23891118677648135,0.0,0.5286021656801211,0.00046985815602836885,100,0.23891118677648135,False
mean_logprob,Qwen122B,1,0.7802083333333333,0.7802083333333333,0.0,0.7523797348099815,0.0,100,0.7802083333333333,False
mean_logprob,Qwen122B,2,0.7875998263888888,0.7875998263888888,0.0,0.7523797348099815,0.0,100,0.7875998263888888,False
mean_logprob,Qwen122B,4,0.7938315591694396,0.7938315591694396,0.0,0.7523797348099815,0.0,100,0.7938315591694396,False
mean_logprob,Qwen122B,8,0.7982869646273411,0.7982869646273411,0.0,0.7523797348099815,0.0,100,0.7982869646273411,False
mean_logprob,Qwen122B,16,0.800450799988838,0.800450799988838,0.0,0.7523797348099815,0.0,100,0.800450799988838,False
mean_logprob,Qwen122B,32,0.7992919127559786,0.7992919127559786,0.0,0.7523797348099815,0.0,100,0.7992919127559786,False
mean_logprob,Qwen122B,48,0.7970650242211812,0.7970650242211812,0.0,0.7523797348099815,0.0,100,0.7970650242211812,False
mean_logprob,Qwen397B,1,0.75625,0.75625,0.0,0.7013601088911171,0.00020390070921985813,100,0.75625,False
mean_logprob,Qwen397B,2,0.7624565972222223,0.7624565972222223,0.0,0.7013601088911171,0.00020390070921985813,100,0.7624565972222223,False
mean_logprob,Qwen397B,4,0.7665811081874518,0.7665811081874518,0.0,0.7013601088911171,0.00020390070921985813,100,0.7665811081874518,False
mean_logprob,Qwen397B,8,0.7723294905440742,0.7723294905440742,0.0,0.7013601088911171,0.00020390070921985813,100,0.7723294905440742,False
mean_logprob,Qwen397B,16,0.779509502920575,0.779509502920575,0.0,0.7013601088911171,0.00020390070921985813,100,0.779509502920575,False
mean_logprob,Qwen397B,32,0.7864868212998931,0.7864868212998931,0.0,0.7013601088911171,0.00020390070921985813,100,0.7864868212998931,False
mean_logprob,Qwen397B,48,0.7902821755933371,0.7902821755933371,0.0,0.7013601088911171,0.00020390070921985813,100,0.7902821755933371,False
mean_logprob,QwenNext80B,1,0.7625,0.7625,0.0,0.6524532176649454,0.00038120567375886523,100,0.7625,False
mean_logprob,QwenNext80B,2,0.7736892361111112,0.7736892361111112,0.0,0.6524532176649454,0.00038120567375886523,100,0.7736892361111112,False
mean_logprob,QwenNext80B,4,0.7809698222595969,0.7809698222595969,0.0,0.6524532176649454,0.00038120567375886523,100,0.7809698222595969,False
mean_logprob,QwenNext80B,8,0.7847153663799878,0.7847153663799878,0.0,0.6524532176649454,0.00038120567375886523,100,0.7847153663799878,False
mean_logprob,QwenNext80B,16,0.7851244237892608,0.7851244237892608,0.0,0.6524532176649454,0.00038120567375886523,100,0.7851244237892608,False
mean_logprob,QwenNext80B,32,0.7831918709087219,0.7831918709087219,0.0,0.6524532176649454,0.00038120567375886523,100,0.7831918709087219,False
mean_logprob,QwenNext80B,48,0.781824968166558,0.781824968166558,0.0,0.6524532176649454,0.00038120567375886523,100,0.781824968166558,False
mean_logprob,Stockmark100B,1,0.5735416666666667,0.5735416666666667,0.0,0.5982606990454938,0.0,100,0.5735416666666667,False
mean_logprob,Stockmark100B,2,0.5907595486111111,0.5907595486111111,0.0,0.5982606990454938,0.0,100,0.5907595486111111,False
mean_logprob,Stockmark100B,4,0.5999349090199412,0.5999349090199412,0.0,0.5982606990454938,0.0,100,0.5999349090199412,False
mean_logprob,Stockmark100B,8,0.6029275944781829,0.6029275944781829,0.0,0.5982606990454938,0.0,100,0.6029275944781829,False
mean_logprob,Stockmark100B,16,0.600463246827669,0.600463246827669,0.0,0.5982606990454938,0.0,100,0.600463246827669,False
mean_logprob,Stockmark100B,32,0.5971090844090368,0.5971090844090368,0.0,0.5982606990454938,0.0,100,0.5971090844090368,False
mean_logprob,Stockmark100B,48,0.5973229100703908,0.5973229100703908,0.0,0.5982606990454938,0.0,100,0.5973229100703908,False
mean_logprob,Super120B,1,0.6970833333333333,0.6970833333333333,0.0,0.41365351247166166,0.0,100,0.6970833333333333,False
mean_logprob,Super120B,2,0.6901649305555557,0.6901649305555557,0.0,0.41365351247166166,0.0,100,0.6901649305555557,False
mean_logprob,Super120B,4,0.6832642317406925,0.6832642317406925,0.0,0.41365351247166166,0.0,100,0.6832642317406925,False
mean_logprob,Super120B,8,0.6776916163819063,0.6776916163819063,0.0,0.41365351247166166,0.0,100,0.6776916163819063,False
mean_logprob,Super120B,16,0.673190068643667,0.673190068643667,0.0,0.41365351247166166,0.0,100,0.673190068643667,False
mean_logprob,Super120B,32,0.6690459064592099,0.6690459064592099,0.0,0.41365351247166166,0.0,100,0.6690459064592099,False
mean_logprob,Super120B,48,0.6666775227543834,0.6666775227543834,0.0,0.41365351247166166,0.0,100,0.6666775227543834,False
mean_logprob,Super49B,1,0.6654166666666668,0.6654166666666668,0.0,0.5633351143168595,0.0002127659574468085,100,0.6654166666666668,False
mean_logprob,Super49B,2,0.6688020833333335,0.6688020833333335,0.0,0.5633351143168595,0.0002127659574468085,100,0.6688020833333335,False
mean_logprob,Super49B,4,0.670141013816551,0.670141013816551,0.0,0.5633351143168595,0.0002127659574468085,100,0.670141013816551,False
mean_logprob,Super49B,8,0.6713136563968182,0.6713136563968182,0.0,0.5633351143168595,0.0002127659574468085,100,0.6713136563968182,False
mean_logprob,Super49B,16,0.6715977492261007,0.6715977492261007,0.0,0.5633351143168595,0.0002127659574468085,100,0.6715977492261007,False
mean_logprob,Super49B,32,0.6700767670098224,0.6700767670098224,0.0,0.5633351143168595,0.0002127659574468085,100,0.6700767670098224,False
mean_logprob,Super49B,48,0.6692285652404538,0.6692285652404538,0.0,0.5633351143168595,0.0002127659574468085,100,0.6692285652404538,False
mean_logprob,Ultra253B,1,0.8761160714285714,0.8761160714285714,0.0,0.6170272435897435,0.0,56,0.8761160714285714,False
mean_logprob,Ultra253B,2,0.8820452008928571,0.8820452008928571,0.0,0.6170272435897435,0.0,56,0.8820452008928571,False
mean_logprob,Ultra253B,4,0.8852519989013672,0.8852519989013672,0.0,0.6170272435897435,0.0,56,0.8852519989013672,False
mean_logprob,Ultra253B,8,0.888568863110517,0.888568863110517,0.0,0.6170272435897435,0.0,56,0.888568863110517,False
mean_logprob,Ultra253B,16,0.8912870240848555,0.8912870240848555,0.0,0.6170272435897435,0.0,56,0.8912870240848555,False
mean_logprob,Ultra253B,32,0.8926311362801663,0.8926311362801663,0.0,0.6170272435897435,0.0,56,0.8926311362801663,False
mean_logprob,Ultra253B,48,0.8928285902830437,0.8928285902830437,0.0,0.6170272435897435,0.0,56,0.8928285902830437,False
anti_meanlogprob,3B,1,0.37962962962962965,0.37962962962962965,0.0,0.4449452235518798,0.0,99,0.37962962962962965,False
anti_meanlogprob,3B,2,0.3615582912457912,0.3615582912457912,0.0,0.4449452235518798,0.0,99,0.3977009680134681,False
anti_meanlogprob,3B,4,0.3404154779310758,0.3404154779310758,0.0,0.4449452235518798,0.0,99,0.4062277483128449,False
anti_meanlogprob,3B,8,0.3198045085663485,0.3198045085663485,0.0,0.4449452235518798,0.0,99,0.40897945388399287,False
anti_meanlogprob,3B,16,0.30620300165886766,0.30620300165886766,0.0,0.4449452235518798,0.0,99,0.4076556410242423,False
anti_meanlogprob,3B,32,0.30428488095500567,0.30428488095500567,0.0,0.4449452235518798,0.0,99,0.40978929172835066,False
anti_meanlogprob,3B,48,0.3078786310212703,0.3078786310212703,0.0,0.4449452235518798,0.0,99,0.41749372448452715,False
anti_meanlogprob,70B,1,0.6716666666666667,0.6716666666666667,0.0,0.4398609823814618,0.00014184397163120567,100,0.6716666666666667,False
anti_meanlogprob,70B,2,0.6652170138888889,0.6652170138888889,0.0,0.4398609823814618,0.00014184397163120567,100,0.6781163194444444,False
anti_meanlogprob,70B,4,0.6549201607409819,0.6549201607409819,0.0,0.4398609823814618,0.00014184397163120567,100,0.6779473161108701,False
anti_meanlogprob,70B,8,0.644705444496904,0.644705444496904,0.0,0.4398609823814618,0.00014184397163120567,100,0.6725469836924316,False
anti_meanlogprob,70B,16,0.6369665127766357,0.6369665127766357,0.0,0.4398609823814618,0.00014184397163120567,100,0.6614181792194921,False
anti_meanlogprob,70B,32,0.6290705391208512,0.6290705391208512,0.0,0.4398609823814618,0.00014184397163120567,100,0.6490536672742809,False
anti_meanlogprob,70B,48,0.6237135725695745,0.6237135725695745,0.0,0.4398609823814618,0.00014184397163120567,100,0.6454018847844877,False
anti_meanlogprob,8B,1,0.39604166666666674,0.39604166666666674,0.0,0.4545935502734582,0.0,100,0.39604166666666674,False
anti_meanlogprob,8B,2,0.3854470486111111,0.3854470486111111,0.0,0.4545935502734582,0.0,100,0.40663628472222224,False
anti_meanlogprob,8B,4,0.37187080854251064,0.37187080854251064,0.0,0.4545935502734582,0.0,100,0.41024037490656345,False
anti_meanlogprob,8B,8,0.3584386578481882,0.3584386578481882,0.0,0.4545935502734582,0.0,100,0.4096932114954122,False
anti_meanlogprob,8B,16,0.34643684874086617,0.34643684874086617,0.0,0.4545935502734582,0.0,100,0.40733732680365925,False
anti_meanlogprob,8B,32,0.33457785796842027,0.33457785796842027,0.0,0.4545935502734582,0.0,100,0.4006571739220717,False
anti_meanlogprob,8B,48,0.32795126833455934,0.32795126833455934,0.0,0.4545935502734582,0.0,100,0.3943425419966981,False
anti_meanlogprob,Dracarys70B,1,0.55,0.55,0.0,0.4807891075222366,0.0,100,0.55,False
anti_meanlogprob,Dracarys70B,2,0.548984375,0.548984375,0.0,0.4807891075222366,0.0,100,0.5510156250000001,False
anti_meanlogprob,Dracarys70B,4,0.547306733308015,0.547306733308015,0.0,0.4807891075222366,0.0,100,0.5501064611364295,False
anti_meanlogprob,Dracarys70B,8,0.5471851196536024,0.5471851196536024,0.0,0.4807891075222366,0.0,100,0.545812655555037,True
anti_meanlogprob,Dracarys70B,16,0.5460754752492062,0.5460754752492062,0.0,0.4807891075222366,0.0,100,0.5398721623926065,True
anti_meanlogprob,Dracarys70B,32,0.5415537885299532,0.5415537885299532,0.0,0.4807891075222366,0.0,100,0.5338655978975446,True
anti_meanlogprob,Dracarys70B,48,0.5379498973885929,0.5379498973885929,0.0,0.4807891075222366,0.0,100,0.5300512122732491,True
anti_meanlogprob,GLM5,1,0.7966666666666665,0.7966666666666665,0.0,0.36483611605678745,0.0,100,0.7966666666666665,False
anti_meanlogprob,GLM5,2,0.7815364583333334,0.7815364583333334,0.0,0.36483611605678745,0.0,100,0.811796875,False
anti_meanlogprob,GLM5,4,0.7644304854781541,0.7644304854781541,0.0,0.36483611605678745,0.0,100,0.8193375990125868,False
anti_meanlogprob,GLM5,8,0.7470654326210362,0.7470654326210362,0.0,0.36483611605678745,0.0,100,0.8211512603423275,False
anti_meanlogprob,GLM5,16,0.7302416999235095,0.7302416999235095,0.0,0.36483611605678745,0.0,100,0.8198533336430603,False
anti_meanlogprob,GLM5,32,0.7153678719259859,0.7153678719259859,0.0,0.36483611605678745,0.0,100,0.8197005558455956,False
anti_meanlogprob,GLM5,48,0.7076042474144425,0.7076042474144425,0.0,0.36483611605678745,0.0,100,0.8205810005707945,False
anti_meanlogprob,Gemma3n2B,1,0.65375,0.65375,0.0,0.40160414714705084,1.773049645390071e-05,100,0.65375,False
anti_meanlogprob,Gemma3n2B,2,0.6430208333333333,0.6430208333333333,0.0,0.40160414714705084,1.773049645390071e-05,100,0.6644791666666667,False
anti_meanlogprob,Gemma3n2B,4,0.6282227466724537,0.6282227466724537,0.0,0.40160414714705084,1.773049645390071e-05,100,0.6680988679108795,False
anti_meanlogprob,Gemma3n2B,8,0.6111395875835357,0.6111395875835357,0.0,0.40160414714705084,1.773049645390071e-05,100,0.6707403298904143,False
anti_meanlogprob,Gemma3n2B,16,0.5940134292683673,0.5940134292683673,0.0,0.40160414714705084,1.773049645390071e-05,100,0.6746830165321451,False
anti_meanlogprob,Gemma3n2B,32,0.5738942533251197,0.5738942533251197,0.0,0.40160414714705084,1.773049645390071e-05,100,0.6790603971546099,False
anti_meanlogprob,Gemma3n2B,48,0.5605181680653517,0.5605181680653517,0.0,0.40160414714705084,1.773049645390071e-05,100,0.6811896595518356,False
anti_meanlogprob,Gemma3n4B,1,0.72875,0.72875,0.0,0.4120266117816501,8.865248226950355e-06,100,0.72875,False
anti_meanlogprob,Gemma3n4B,2,0.7225520833333333,0.7225520833333333,0.0,0.4120266117816501,8.865248226950355e-06,100,0.7349479166666667,False
anti_meanlogprob,Gemma3n4B,4,0.7152931948061343,0.7152931948061343,0.0,0.4120266117816501,8.865248226950355e-06,100,0.7377189579716433,False
anti_meanlogprob,Gemma3n4B,8,0.7079220167376191,0.7079220167376191,0.0,0.4120266117816501,8.865248226950355e-06,100,0.7384522250219651,False
anti_meanlogprob,Gemma3n4B,16,0.6983903134237583,0.6983903134237583,0.0,0.4120266117816501,8.865248226950355e-06,100,0.7390677588410967,False
anti_meanlogprob,Gemma3n4B,32,0.6886761799943087,0.6886761799943087,0.0,0.4120266117816501,8.865248226950355e-06,100,0.7394356987800194,False
anti_meanlogprob,Gemma3n4B,48,0.684810753691646,0.684810753691646,0.0,0.4120266117816501,8.865248226950355e-06,100,0.7406077977527495,False
anti_meanlogprob,KimiK2,1,0.7314583333333333,0.7314583333333333,0.0,0.47970634605063484,0.0,100,0.7314583333333333,False
anti_meanlogprob,KimiK2,2,0.7315668402777777,0.7315668402777777,0.0,0.47970634605063484,0.0,100,0.7313498263888889,True
anti_meanlogprob,KimiK2,4,0.7325500055006993,0.7325500055006993,0.0,0.47970634605063484,0.0,100,0.7323787416057822,True
anti_meanlogprob,KimiK2,8,0.7330362755482809,0.7330362755482809,0.0,0.47970634605063484,0.0,100,0.7346406243714766,False
anti_meanlogprob,KimiK2,16,0.731149851827608,0.731149851827608,0.0,0.47970634605063484,0.0,100,0.7380249799007942,False
anti_meanlogprob,KimiK2,32,0.7281525617227997,0.7281525617227997,0.0,0.47970634605063484,0.0,100,0.7410681048281629,False
anti_meanlogprob,KimiK2,48,0.7266788998093423,0.7266788998093423,0.0,0.47970634605063484,0.0,100,0.7430144815598441,False
anti_meanlogprob,Maverick17B,1,0.7929166666666667,0.7929166666666667,0.0,0.4286879293693757,0.0002925531914893617,100,0.7929166666666667,False
anti_meanlogprob,Maverick17B,2,0.7867968750000002,0.7867968750000002,0.0,0.4286879293693757,0.0002925531914893617,100,0.7990364583333335,False
anti_meanlogprob,Maverick17B,4,0.7785222145363135,0.7785222145363135,0.0,0.4286879293693757,0.0002925531914893617,100,0.8010466512044271,False
anti_meanlogprob,Maverick17B,8,0.7694590333669123,0.7694590333669123,0.0,0.4286879293693757,0.0002925531914893617,100,0.8014230869072552,False
anti_meanlogprob,Maverick17B,16,0.7620690546530757,0.7620690546530757,0.0,0.4286879293693757,0.0002925531914893617,100,0.8011387070950934,False
anti_meanlogprob,Maverick17B,32,0.7572824310510117,0.7572824310510117,0.0,0.4286879293693757,0.0002925531914893617,100,0.8038023385096065,False
anti_meanlogprob,Maverick17B,48,0.7555037598622512,0.7555037598622512,0.0,0.4286879293693757,0.0002925531914893617,100,0.8079298224540712,False
anti_meanlogprob,MiniMax,1,0.653125,0.653125,0.0,0.47645596106256316,0.0,100,0.653125,False
anti_meanlogprob,MiniMax,2,0.6513585069444444,0.6513585069444444,0.0,0.47645596106256316,0.0,100,0.6548914930555556,False
anti_meanlogprob,MiniMax,4,0.6474293367362317,0.6474293367362317,0.0,0.47645596106256316,0.0,100,0.6527149774998794,False
anti_meanlogprob,MiniMax,8,0.6451241286911046,0.6451241286911046,0.0,0.47645596106256316,0.0,100,0.645136948563865,False
anti_meanlogprob,MiniMax,16,0.6443762357521845,0.6443762357521845,0.0,0.47645596106256316,0.0,100,0.6328617893609614,True
anti_meanlogprob,MiniMax,32,0.6458444919611779,0.6458444919611779,0.0,0.47645596106256316,0.0,100,0.6182462880273356,True
anti_meanlogprob,MiniMax,48,0.6479451733705599,0.6479451733705599,0.0,0.47645596106256316,0.0,100,0.6108784561759171,True
anti_meanlogprob,Ministral14B,1,0.668125,0.668125,0.0,0.42286461929249863,3.546099290780142e-05,100,0.668125,False
anti_meanlogprob,Ministral14B,2,0.6627039930555554,0.6627039930555554,0.0,0.42286461929249863,3.546099290780142e-05,100,0.6735460069444444,False
anti_meanlogprob,Ministral14B,4,0.6550796376922985,0.6550796376922985,0.0,0.42286461929249863,3.546099290780142e-05,100,0.6755138952938127,False
anti_meanlogprob,Ministral14B,8,0.6443661394987974,0.6443661394987974,0.0,0.42286461929249863,3.546099290780142e-05,100,0.6771078346930507,False
anti_meanlogprob,Ministral14B,16,0.6302762428974448,0.6302762428974448,0.0,0.42286461929249863,3.546099290780142e-05,100,0.6794403108047828,False
anti_meanlogprob,Ministral14B,32,0.6170617066384436,0.6170617066384436,0.0,0.42286461929249863,3.546099290780142e-05,100,0.6812811672338932,False
anti_meanlogprob,Ministral14B,48,0.6134874418845608,0.6134874418845608,0.0,0.42286461929249863,3.546099290780142e-05,100,0.6816306216945369,False
anti_meanlogprob,MistralLarge675B,1,0.715625,0.715625,0.0,0.46709055583924025,0.00023049645390070924,100,0.715625,False
anti_meanlogprob,MistralLarge675B,2,0.7142404513888888,0.7142404513888888,0.0,0.46709055583924025,0.00023049645390070924,100,0.7170095486111111,False
anti_meanlogprob,MistralLarge675B,4,0.7134172321837626,0.7134172321837626,0.0,0.46709055583924025,0.00023049645390070924,100,0.7186585056634597,False
anti_meanlogprob,MistralLarge675B,8,0.7116158561347343,0.7116158561347343,0.0,0.46709055583924025,0.00023049645390070924,100,0.7202688590237734,False
anti_meanlogprob,MistralLarge675B,16,0.7074622046746719,0.7074622046746719,0.0,0.46709055583924025,0.00023049645390070924,100,0.7216216129450159,False
anti_meanlogprob,MistralLarge675B,32,0.7019039970832367,0.7019039970832367,0.0,0.46709055583924025,0.00023049645390070924,100,0.7238571041932369,False
anti_meanlogprob,MistralLarge675B,48,0.6982943852633063,0.6982943852633063,0.0,0.46709055583924025,0.00023049645390070924,100,0.7256835422812733,False
anti_meanlogprob,MistralNemotron,1,0.7254166666666667,0.7254166666666667,0.0,0.707623417211066,0.0,100,0.7254166666666667,False
anti_meanlogprob,MistralNemotron,2,0.7394444444444445,0.7394444444444445,0.0,0.707623417211066,0.0,100,0.7113888888888888,True
anti_meanlogprob,MistralNemotron,4,0.7525714412736305,0.7525714412736305,0.0,0.707623417211066,0.0,100,0.7003958619671102,True
anti_meanlogprob,MistralNemotron,8,0.7660628945864052,0.7660628945864052,0.0,0.707623417211066,0.0,100,0.6879014860455888,True
anti_meanlogprob,MistralNemotron,16,0.7761298711218753,0.7761298711218753,0.0,0.707623417211066,0.0,100,0.6712519003196721,True
anti_meanlogprob,MistralNemotron,32,0.7808087536372709,0.7808087536372709,0.0,0.707623417211066,0.0,100,0.649812951322557,True
anti_meanlogprob,MistralNemotron,48,0.7825796207635158,0.7825796207635158,0.0,0.707623417211066,0.0,100,0.6369418085806765,True
anti_meanlogprob,MistralSmall119B,1,0.7093750000000001,0.7093750000000001,0.0,0.5365477058977006,0.0,100,0.7093750000000001,False
anti_meanlogprob,MistralSmall119B,2,0.7105338541666667,0.7105338541666667,0.0,0.5365477058977006,0.0,100,0.7082161458333335,True
anti_meanlogprob,MistralSmall119B,4,0.7117489793565538,0.7117489793565538,0.0,0.5365477058977006,0.0,100,0.7070585293240018,True
anti_meanlogprob,MistralSmall119B,8,0.7144025859285317,0.7144025859285317,0.0,0.5365477058977006,0.0,100,0.7049190142215656,True
anti_meanlogprob,MistralSmall119B,16,0.719159738155593,0.719159738155593,0.0,0.5365477058977006,0.0,100,0.7033212831089541,True
anti_meanlogprob,MistralSmall119B,32,0.724029921911421,0.724029921911421,0.0,0.5365477058977006,0.0,100,0.7048224908632704,True
anti_meanlogprob,MistralSmall119B,48,0.7261380668042393,0.7261380668042393,0.0,0.5365477058977006,0.0,100,0.7067412063519762,True
anti_meanlogprob,Mixtral8x22B,1,0.44375,0.44375,0.0,0.36335015660756254,0.0,100,0.44375,False
anti_meanlogprob,Mixtral8x22B,2,0.4198263888888889,0.4198263888888889,0.0,0.36335015660756254,0.0,100,0.46767361111111116,False
anti_meanlogprob,Mixtral8x22B,4,0.3931571602527007,0.3931571602527007,0.0,0.36335015660756254,0.0,100,0.4794752182195216,False
anti_meanlogprob,Mixtral8x22B,8,0.369810633655235,0.369810633655235,0.0,0.36335015660756254,0.0,100,0.48273773213803894,False
anti_meanlogprob,Mixtral8x22B,16,0.3531601166668662,0.3531601166668662,0.0,0.36335015660756254,0.0,100,0.4822183464543112,False
anti_meanlogprob,Mixtral8x22B,32,0.34171517292935283,0.34171517292935283,0.0,0.36335015660756254,0.0,100,0.48085590671371714,False
anti_meanlogprob,Mixtral8x22B,48,0.3376122813125511,0.3376122813125511,0.0,0.36335015660756254,0.0,100,0.479358057369338,False
anti_meanlogprob,Mixtral8x7B,1,0.23979166666666665,0.23979166666666665,0.0,0.4713978343198789,0.00046985815602836885,100,0.23979166666666665,False
anti_meanlogprob,Mixtral8x7B,2,0.22982204861111108,0.22982204861111108,0.0,0.4713978343198789,0.00046985815602836885,100,0.24976128472222223,False
anti_meanlogprob,Mixtral8x7B,4,0.21773881888683927,0.21773881888683927,0.0,0.4713978343198789,0.00046985815602836885,100,0.25388408331223483,False
anti_meanlogprob,Mixtral8x7B,8,0.20516702540718168,0.20516702540718168,0.0,0.4713978343198789,0.00046985815602836885,100,0.25357760082432695,False
anti_meanlogprob,Mixtral8x7B,16,0.1912080790448573,0.1912080790448573,0.0,0.4713978343198789,0.00046985815602836885,100,0.24873292358437624,False
anti_meanlogprob,Mixtral8x7B,32,0.17509821236211745,0.17509821236211745,0.0,0.4713978343198789,0.00046985815602836885,100,0.24155443352887937,False
anti_meanlogprob,Mixtral8x7B,48,0.1664191040288211,0.1664191040288211,0.0,0.4713978343198789,0.00046985815602836885,100,0.23891118677648135,False
anti_meanlogprob,Qwen122B,1,0.7802083333333333,0.7802083333333333,0.0,0.24762026519001842,0.0,100,0.7802083333333333,False
anti_meanlogprob,Qwen122B,2,0.7728168402777779,0.7728168402777779,0.0,0.24762026519001842,0.0,100,0.7875998263888888,False
anti_meanlogprob,Qwen122B,4,0.7671540455759307,0.7671540455759307,0.0,0.24762026519001842,0.0,100,0.7938315591694396,False
anti_meanlogprob,Qwen122B,8,0.7632403434610666,0.7632403434610666,0.0,0.24762026519001842,0.0,100,0.7982869646273411,False
anti_meanlogprob,Qwen122B,16,0.7602369308715703,0.7602369308715703,0.0,0.24762026519001842,0.0,100,0.800450799988838,False
anti_meanlogprob,Qwen122B,32,0.7586594306368839,0.7586594306368839,0.0,0.24762026519001842,0.0,100,0.7992919127559786,False
anti_meanlogprob,Qwen122B,48,0.7587879466965063,0.7587879466965063,0.0,0.24762026519001842,0.0,100,0.7970650242211812,False
anti_meanlogprob,Qwen397B,1,0.75625,0.75625,0.0,0.29863989110888295,0.00020390070921985813,100,0.75625,False
anti_meanlogprob,Qwen397B,2,0.7500434027777777,0.7500434027777777,0.0,0.29863989110888295,0.00020390070921985813,100,0.7624565972222223,False
anti_meanlogprob,Qwen397B,4,0.7428047425069927,0.7428047425069927,0.0,0.29863989110888295,0.00020390070921985813,100,0.7665811081874518,False
anti_meanlogprob,Qwen397B,8,0.732346152567215,0.732346152567215,0.0,0.29863989110888295,0.00020390070921985813,100,0.7723294905440742,False
anti_meanlogprob,Qwen397B,16,0.7192272636227339,0.7192272636227339,0.0,0.29863989110888295,0.00020390070921985813,100,0.779509502920575,False
anti_meanlogprob,Qwen397B,32,0.7046651884575382,0.7046651884575382,0.0,0.29863989110888295,0.00020390070921985813,100,0.7864868212998931,False
anti_meanlogprob,Qwen397B,48,0.6964247596204828,0.6964247596204828,0.0,0.29863989110888295,0.00020390070921985813,100,0.7902821755933371,False
anti_meanlogprob,QwenNext80B,1,0.7625,0.7625,0.0,0.34754678233505465,0.00038120567375886523,100,0.7625,False
anti_meanlogprob,QwenNext80B,2,0.7513107638888888,0.7513107638888888,0.0,0.34754678233505465,0.00038120567375886523,100,0.7736892361111112,False
anti_meanlogprob,QwenNext80B,4,0.7405644659348476,0.7405644659348476,0.0,0.34754678233505465,0.00038120567375886523,100,0.7809698222595969,False
anti_meanlogprob,QwenNext80B,8,0.7317888051711854,0.7317888051711854,0.0,0.34754678233505465,0.00038120567375886523,100,0.7847153663799878,False
anti_meanlogprob,QwenNext80B,16,0.7258547404264047,0.7258547404264047,0.0,0.34754678233505465,0.00038120567375886523,100,0.7851244237892608,False
anti_meanlogprob,QwenNext80B,32,0.7226366901176327,0.7226366901176327,0.0,0.34754678233505465,0.00038120567375886523,100,0.7831918709087219,False
anti_meanlogprob,QwenNext80B,48,0.7215200512258132,0.7215200512258132,0.0,0.34754678233505465,0.00038120567375886523,100,0.781824968166558,False
anti_meanlogprob,Stockmark100B,1,0.5735416666666667,0.5735416666666667,0.0,0.40173930095450616,0.0,100,0.5735416666666667,False
anti_meanlogprob,Stockmark100B,2,0.5563237847222222,0.5563237847222222,0.0,0.40173930095450616,0.0,100,0.5907595486111111,False
anti_meanlogprob,Stockmark100B,4,0.5373021424846884,0.5373021424846884,0.0,0.40173930095450616,0.0,100,0.5999349090199412,False
anti_meanlogprob,Stockmark100B,8,0.5176666787492404,0.5176666787492404,0.0,0.40173930095450616,0.0,100,0.6029275944781829,False
anti_meanlogprob,Stockmark100B,16,0.4977617218532406,0.4977617218532406,0.0,0.40173930095450616,0.0,100,0.600463246827669,False
anti_meanlogprob,Stockmark100B,32,0.48150917799600096,0.48150917799600096,0.0,0.40173930095450616,0.0,100,0.5971090844090368,False
anti_meanlogprob,Stockmark100B,48,0.4754211114332889,0.4754211114332889,0.0,0.40173930095450616,0.0,100,0.5973229100703908,False
anti_meanlogprob,Super120B,1,0.6970833333333333,0.6970833333333333,0.0,0.5863464875283384,0.0,100,0.6970833333333333,False
anti_meanlogprob,Super120B,2,0.7040017361111112,0.7040017361111112,0.0,0.5863464875283384,0.0,100,0.6901649305555557,True
anti_meanlogprob,Super120B,4,0.7080371282130112,0.7080371282130112,0.0,0.5863464875283384,0.0,100,0.6832642317406925,True
anti_meanlogprob,Super120B,8,0.7090729737856896,0.7090729737856896,0.0,0.5863464875283384,0.0,100,0.6776916163819063,True
anti_meanlogprob,Super120B,16,0.7089253273634891,0.7089253273634891,0.0,0.5863464875283384,0.0,100,0.673190068643667,True
anti_meanlogprob,Super120B,32,0.7093169032914625,0.7093169032914625,0.0,0.5863464875283384,0.0,100,0.6690459064592099,True
anti_meanlogprob,Super120B,48,0.7095387064744694,0.7095387064744694,0.0,0.5863464875283384,0.0,100,0.6666775227543834,True
anti_meanlogprob,Super49B,1,0.6654166666666668,0.6654166666666668,0.0,0.43666488568314055,0.0002127659574468085,100,0.6654166666666668,False
anti_meanlogprob,Super49B,2,0.6620312499999998,0.6620312499999998,0.0,0.43666488568314055,0.0002127659574468085,100,0.6688020833333335,False
anti_meanlogprob,Super49B,4,0.6572750741464121,0.6572750741464121,0.0,0.43666488568314055,0.0002127659574468085,100,0.670141013816551,False
anti_meanlogprob,Super49B,8,0.6502969037892428,0.6502969037892428,0.0,0.43666488568314055,0.0002127659574468085,100,0.6713136563968182,False
anti_meanlogprob,Super49B,16,0.6413162596174152,0.6413162596174152,0.0,0.43666488568314055,0.0002127659574468085,100,0.6715977492261007,False
anti_meanlogprob,Super49B,32,0.6330522502384748,0.6330522502384748,0.0,0.43666488568314055,0.0002127659574468085,100,0.6700767670098224,False
anti_meanlogprob,Super49B,48,0.630214805416251,0.630214805416251,0.0,0.43666488568314055,0.0002127659574468085,100,0.6692285652404538,False
anti_meanlogprob,Ultra253B,1,0.8761160714285714,0.8761160714285714,0.0,0.38297275641025635,0.0,56,0.8761160714285714,False
anti_meanlogprob,Ultra253B,2,0.8701869419642857,0.8701869419642857,0.0,0.38297275641025635,0.0,56,0.8820452008928571,False
anti_meanlogprob,Ultra253B,4,0.8628471919468471,0.8628471919468471,0.0,0.38297275641025635,0.0,56,0.8852519989013672,False
anti_meanlogprob,Ultra253B,8,0.8528530721710662,0.8528530721710662,0.0,0.38297275641025635,0.0,56,0.888568863110517,False
anti_meanlogprob,Ultra253B,16,0.8403789097378205,0.8403789097378205,0.0,0.38297275641025635,0.0,56,0.8912870240848555,False
anti_meanlogprob,Ultra253B,32,0.8282191500916166,0.8282191500916166,0.0,0.38297275641025635,0.0,56,0.8926311362801663,False
anti_meanlogprob,Ultra253B,48,0.82384710052503,0.82384710052503,0.0,0.38297275641025635,0.0,56,0.8928285902830437,False
calibrated_binned_posterior,3B,1,0.37962962962962965,0.37962962962962965,0.0,0.5385257611363807,0.08718926857224729,99,0.37962962962962965,False
calibrated_binned_posterior,3B,2,0.3962805134680134,0.3962805134680134,0.0,0.5385257611363807,0.08718926857224729,99,0.3977009680134681,False
calibrated_binned_posterior,3B,4,0.4043844888774902,0.4043844888774902,0.0,0.5385257611363807,0.08718926857224729,99,0.4062277483128449,False
calibrated_binned_posterior,3B,8,0.4050513278776288,0.4050513278776288,0.0,0.5385257611363807,0.08718926857224729,99,0.40897945388399287,False
calibrated_binned_posterior,3B,16,0.40139705420692645,0.40139705420692645,0.0,0.5385257611363807,0.08718926857224729,99,0.4076556410242423,False
calibrated_binned_posterior,3B,32,0.39844553330263205,0.39844553330263205,0.0,0.5385257611363807,0.08718926857224729,99,0.40978929172835066,False
calibrated_binned_posterior,3B,48,0.39791355805877965,0.39791355805877965,0.0,0.5385257611363807,0.08718926857224729,99,0.41749372448452715,False
calibrated_binned_posterior,70B,1,0.6716666666666667,0.6716666666666667,0.0,0.5888575409742327,0.11513297872340425,100,0.6716666666666667,False
calibrated_binned_posterior,70B,2,0.6794791666666667,0.6794791666666667,0.0,0.5888575409742327,0.11513297872340425,100,0.6781163194444444,True
calibrated_binned_posterior,70B,4,0.6807660590277778,0.6807660590277778,0.0,0.5888575409742327,0.11513297872340425,100,0.6779473161108701,True
calibrated_binned_posterior,70B,8,0.6771792617119392,0.6771792617119392,0.0,0.5888575409742327,0.11513297872340425,100,0.6725469836924316,True
calibrated_binned_posterior,70B,16,0.6718703404235759,0.6718703404235759,0.0,0.5888575409742327,0.11513297872340425,100,0.6614181792194921,True
calibrated_binned_posterior,70B,32,0.6668849887758088,0.6668849887758088,0.0,0.5888575409742327,0.11513297872340425,100,0.6490536672742809,True
calibrated_binned_posterior,70B,48,0.6651229241235416,0.6651229241235416,0.0,0.5888575409742327,0.11513297872340425,100,0.6454018847844877,True
calibrated_binned_posterior,8B,1,0.39604166666666674,0.39604166666666674,0.0,0.5293666899846354,0.10105496453900711,100,0.39604166666666674,False
calibrated_binned_posterior,8B,2,0.40522135416666666,0.40522135416666666,0.0,0.5293666899846354,0.10105496453900711,100,0.40663628472222224,False
calibrated_binned_posterior,8B,4,0.4108283130033517,0.4108283130033517,0.0,0.5293666899846354,0.10105496453900711,100,0.41024037490656345,True
calibrated_binned_posterior,8B,8,0.41258047922093327,0.41258047922093327,0.0,0.5293666899846354,0.10105496453900711,100,0.4096932114954122,True
calibrated_binned_posterior,8B,16,0.41164957453026296,0.41164957453026296,0.0,0.5293666899846354,0.10105496453900711,100,0.40733732680365925,True
calibrated_binned_posterior,8B,32,0.41011446595250367,0.41011446595250367,0.0,0.5293666899846354,0.10105496453900711,100,0.4006571739220717,True
calibrated_binned_posterior,8B,48,0.4095780180795373,0.4095780180795373,0.0,0.5293666899846354,0.10105496453900711,100,0.3943425419966981,True
calibrated_binned_posterior,Dracarys70B,1,0.55,0.55,0.0,0.5281968433645968,0.0919326241134752,100,0.55,False
calibrated_binned_posterior,Dracarys70B,2,0.5523046875,0.5523046875,0.0,0.5281968433645968,0.0919326241134752,100,0.5510156250000001,True
calibrated_binned_posterior,Dracarys70B,4,0.5540486333399643,0.5540486333399643,0.0,0.5281968433645968,0.0919326241134752,100,0.5501064611364295,True
calibrated_binned_posterior,Dracarys70B,8,0.5522829092160486,0.5522829092160486,0.0,0.5281968433645968,0.0919326241134752,100,0.545812655555037,True
calibrated_binned_posterior,Dracarys70B,16,0.5477173292875596,0.5477173292875596,0.0,0.5281968433645968,0.0919326241134752,100,0.5398721623926065,True
calibrated_binned_posterior,Dracarys70B,32,0.5448235935065173,0.5448235935065173,0.0,0.5281968433645968,0.0919326241134752,100,0.5338655978975446,True
calibrated_binned_posterior,Dracarys70B,48,0.5448299411133414,0.5448299411133414,0.0,0.5281968433645968,0.0919326241134752,100,0.5300512122732491,True
calibrated_binned_posterior,GLM5,1,0.7966666666666665,0.7966666666666665,0.0,0.6332548450726335,0.14338652482269504,100,0.7966666666666665,False
calibrated_binned_posterior,GLM5,2,0.8107161458333334,0.8107161458333334,0.0,0.6332548450726335,0.14338652482269504,100,0.811796875,False
calibrated_binned_posterior,GLM5,4,0.8188528159812646,0.8188528159812646,0.0,0.6332548450726335,0.14338652482269504,100,0.8193375990125868,False
calibrated_binned_posterior,GLM5,8,0.8206632483881754,0.8206632483881754,0.0,0.6332548450726335,0.14338652482269504,100,0.8211512603423275,False
calibrated_binned_posterior,GLM5,16,0.8161017479762352,0.8161017479762352,0.0,0.6332548450726335,0.14338652482269504,100,0.8198533336430603,False
calibrated_binned_posterior,GLM5,32,0.8094144075081223,0.8094144075081223,0.0,0.6332548450726335,0.14338652482269504,100,0.8197005558455956,False
calibrated_binned_posterior,GLM5,48,0.8060146687520471,0.8060146687520471,0.0,0.6332548450726335,0.14338652482269504,100,0.8205810005707945,False
calibrated_binned_posterior,Gemma3n2B,1,0.65375,0.65375,0.0,0.598480001955696,0.11912234042553192,100,0.65375,False
calibrated_binned_posterior,Gemma3n2B,2,0.6643315972222222,0.6643315972222222,0.0,0.598480001955696,0.11912234042553192,100,0.6644791666666667,False
calibrated_binned_posterior,Gemma3n2B,4,0.6674665738329475,0.6674665738329475,0.0,0.598480001955696,0.11912234042553192,100,0.6680988679108795,False
calibrated_binned_posterior,Gemma3n2B,8,0.6698916828101952,0.6698916828101952,0.0,0.598480001955696,0.11912234042553192,100,0.6707403298904143,False
calibrated_binned_posterior,Gemma3n2B,16,0.6757107959877007,0.6757107959877007,0.0,0.598480001955696,0.11912234042553192,100,0.6746830165321451,True
calibrated_binned_posterior,Gemma3n2B,32,0.6845324472345433,0.6845324472345433,0.0,0.598480001955696,0.11912234042553192,100,0.6790603971546099,True
calibrated_binned_posterior,Gemma3n2B,48,0.6905722452594617,0.6905722452594617,0.0,0.598480001955696,0.11912234042553192,100,0.6811896595518356,True
calibrated_binned_posterior,Gemma3n4B,1,0.72875,0.72875,0.0,0.5936174577682433,0.1678368794326241,100,0.72875,False
calibrated_binned_posterior,Gemma3n4B,2,0.7357986111111111,0.7357986111111111,0.0,0.5936174577682433,0.1678368794326241,100,0.7349479166666667,True
calibrated_binned_posterior,Gemma3n4B,4,0.7409470320336612,0.7409470320336612,0.0,0.5936174577682433,0.1678368794326241,100,0.7377189579716433,True
calibrated_binned_posterior,Gemma3n4B,8,0.7448206282815787,0.7448206282815787,0.0,0.5936174577682433,0.1678368794326241,100,0.7384522250219651,True
calibrated_binned_posterior,Gemma3n4B,16,0.7493475240142399,0.7493475240142399,0.0,0.5936174577682433,0.1678368794326241,100,0.7390677588410967,True
calibrated_binned_posterior,Gemma3n4B,32,0.7536742617630503,0.7536742617630503,0.0,0.5936174577682433,0.1678368794326241,100,0.7394356987800194,True
calibrated_binned_posterior,Gemma3n4B,48,0.755222865677032,0.755222865677032,0.0,0.5936174577682433,0.1678368794326241,100,0.7406077977527495,True
calibrated_binned_posterior,KimiK2,1,0.7314583333333333,0.7314583333333333,0.0,0.5064826712701902,0.16182624113475177,100,0.7314583333333333,False
calibrated_binned_posterior,KimiK2,2,0.73078125,0.73078125,0.0,0.5064826712701902,0.16182624113475177,100,0.7313498263888889,False
calibrated_binned_posterior,KimiK2,4,0.7322439838927468,0.7322439838927468,0.0,0.5064826712701902,0.16182624113475177,100,0.7323787416057822,False
calibrated_binned_posterior,KimiK2,8,0.7348104742769779,0.7348104742769779,0.0,0.5064826712701902,0.16182624113475177,100,0.7346406243714766,True
calibrated_binned_posterior,KimiK2,16,0.7355458660973726,0.7355458660973726,0.0,0.5064826712701902,0.16182624113475177,100,0.7380249799007942,False
calibrated_binned_posterior,KimiK2,32,0.7354366736522289,0.7354366736522289,0.0,0.5064826712701902,0.16182624113475177,100,0.7410681048281629,False
calibrated_binned_posterior,KimiK2,48,0.7350702471282541,0.7350702471282541,0.0,0.5064826712701902,0.16182624113475177,100,0.7430144815598441,False
calibrated_binned_posterior,Maverick17B,1,0.7929166666666667,0.7929166666666667,0.0,0.5791256708292996,0.12476063829787234,100,0.7929166666666667,False
calibrated_binned_posterior,Maverick17B,2,0.7979296874999998,0.7979296874999998,0.0,0.5791256708292996,0.12476063829787234,100,0.7990364583333335,False
calibrated_binned_posterior,Maverick17B,4,0.8000072620533131,0.8000072620533131,0.0,0.5791256708292996,0.12476063829787234,100,0.8010466512044271,False
calibrated_binned_posterior,Maverick17B,8,0.8012618333300024,0.8012618333300024,0.0,0.5791256708292996,0.12476063829787234,100,0.8014230869072552,False
calibrated_binned_posterior,Maverick17B,16,0.8008533543039061,0.8008533543039061,0.0,0.5791256708292996,0.12476063829787234,100,0.8011387070950934,False
calibrated_binned_posterior,Maverick17B,32,0.7983102797688264,0.7983102797688264,0.0,0.5791256708292996,0.12476063829787234,100,0.8038023385096065,False
calibrated_binned_posterior,Maverick17B,48,0.7962778527638177,0.7962778527638177,0.0,0.5791256708292996,0.12476063829787234,100,0.8079298224540712,False
calibrated_binned_posterior,MiniMax,1,0.653125,0.653125,0.0,0.49949885323531457,0.1423404255319149,100,0.653125,False
calibrated_binned_posterior,MiniMax,2,0.6533029513888888,0.6533029513888888,0.0,0.49949885323531457,0.1423404255319149,100,0.6548914930555556,False
calibrated_binned_posterior,MiniMax,4,0.6505640985936294,0.6505640985936294,0.0,0.49949885323531457,0.1423404255319149,100,0.6527149774998794,False
calibrated_binned_posterior,MiniMax,8,0.6435224395552472,0.6435224395552472,0.0,0.49949885323531457,0.1423404255319149,100,0.645136948563865,False
calibrated_binned_posterior,MiniMax,16,0.6342669806532701,0.6342669806532701,0.0,0.49949885323531457,0.1423404255319149,100,0.6328617893609614,True
calibrated_binned_posterior,MiniMax,32,0.6263259077647008,0.6263259077647008,0.0,0.49949885323531457,0.1423404255319149,100,0.6182462880273356,True
calibrated_binned_posterior,MiniMax,48,0.6231917438703769,0.6231917438703769,0.0,0.49949885323531457,0.1423404255319149,100,0.6108784561759171,True
calibrated_binned_posterior,Ministral14B,1,0.668125,0.668125,0.0,0.5676698997331,0.15313829787234046,100,0.668125,False
calibrated_binned_posterior,Ministral14B,2,0.672478298611111,0.672478298611111,0.0,0.5676698997331,0.15313829787234046,100,0.6735460069444444,False
calibrated_binned_posterior,Ministral14B,4,0.6734351169915849,0.6734351169915849,0.0,0.5676698997331,0.15313829787234046,100,0.6755138952938127,False
calibrated_binned_posterior,Ministral14B,8,0.6733607125386942,0.6733607125386942,0.0,0.5676698997331,0.15313829787234046,100,0.6771078346930507,False
calibrated_binned_posterior,Ministral14B,16,0.6731909284398503,0.6731909284398503,0.0,0.5676698997331,0.15313829787234046,100,0.6794403108047828,False
calibrated_binned_posterior,Ministral14B,32,0.6741639016481122,0.6741639016481122,0.0,0.5676698997331,0.15313829787234046,100,0.6812811672338932,False
calibrated_binned_posterior,Ministral14B,48,0.6744909752122193,0.6744909752122193,0.0,0.5676698997331,0.15313829787234046,100,0.6816306216945369,False
calibrated_binned_posterior,MistralLarge675B,1,0.715625,0.715625,0.0,0.5292451293247389,0.20632092198581561,100,0.715625,False
calibrated_binned_posterior,MistralLarge675B,2,0.7168359375,0.7168359375,0.0,0.5292451293247389,0.20632092198581561,100,0.7170095486111111,False
calibrated_binned_posterior,MistralLarge675B,4,0.7180412254804446,0.7180412254804446,0.0,0.5292451293247389,0.20632092198581561,100,0.7186585056634597,False
calibrated_binned_posterior,MistralLarge675B,8,0.719442274510258,0.719442274510258,0.0,0.5292451293247389,0.20632092198581561,100,0.7202688590237734,False
calibrated_binned_posterior,MistralLarge675B,16,0.7202690501895578,0.7202690501895578,0.0,0.5292451293247389,0.20632092198581561,100,0.7216216129450159,False
calibrated_binned_posterior,MistralLarge675B,32,0.7198079590346701,0.7198079590346701,0.0,0.5292451293247389,0.20632092198581561,100,0.7238571041932369,False
calibrated_binned_posterior,MistralLarge675B,48,0.7189758002477837,0.7189758002477837,0.0,0.5292451293247389,0.20632092198581561,100,0.7256835422812733,False
calibrated_binned_posterior,MistralNemotron,1,0.7254166666666667,0.7254166666666667,0.0,0.782878713587345,0.30477836879432624,100,0.7254166666666667,False
calibrated_binned_posterior,MistralNemotron,2,0.744296875,0.744296875,0.0,0.782878713587345,0.30477836879432624,100,0.7113888888888888,True
calibrated_binned_posterior,MistralNemotron,4,0.7624208125361689,0.7624208125361689,0.0,0.782878713587345,0.30477836879432624,100,0.7003958619671102,True
calibrated_binned_posterior,MistralNemotron,8,0.7795944377850097,0.7795944377850097,0.0,0.782878713587345,0.30477836879432624,100,0.6879014860455888,True
calibrated_binned_posterior,MistralNemotron,16,0.7929409336927723,0.7929409336927723,0.0,0.782878713587345,0.30477836879432624,100,0.6712519003196721,True
calibrated_binned_posterior,MistralNemotron,32,0.8020385562727366,0.8020385562727366,0.0,0.782878713587345,0.30477836879432624,100,0.649812951322557,True
calibrated_binned_posterior,MistralNemotron,48,0.8055398617313368,0.8055398617313368,0.0,0.782878713587345,0.30477836879432624,100,0.6369418085806765,True
calibrated_binned_posterior,MistralSmall119B,1,0.7093750000000001,0.7093750000000001,0.0,0.5010080133537006,0.15115248226950356,100,0.7093750000000001,False
calibrated_binned_posterior,MistralSmall119B,2,0.7103342013888888,0.7103342013888888,0.0,0.5010080133537006,0.15115248226950356,100,0.7082161458333335,True
calibrated_binned_posterior,MistralSmall119B,4,0.7096756640775703,0.7096756640775703,0.0,0.5010080133537006,0.15115248226950356,100,0.7070585293240018,True
calibrated_binned_posterior,MistralSmall119B,8,0.707034432154711,0.707034432154711,0.0,0.5010080133537006,0.15115248226950356,100,0.7049190142215656,True
calibrated_binned_posterior,MistralSmall119B,16,0.705449251346606,0.705449251346606,0.0,0.5010080133537006,0.15115248226950356,100,0.7033212831089541,True
calibrated_binned_posterior,MistralSmall119B,32,0.7068743122190497,0.7068743122190497,0.0,0.5010080133537006,0.15115248226950356,100,0.7048224908632704,True
calibrated_binned_posterior,MistralSmall119B,48,0.7087196823184487,0.7087196823184487,0.0,0.5010080133537006,0.15115248226950356,100,0.7067412063519762,True
calibrated_binned_posterior,Mixtral8x22B,1,0.44375,0.44375,0.0,0.6344806862548622,0.10770390070921987,100,0.44375,False
calibrated_binned_posterior,Mixtral8x22B,2,0.46713541666666664,0.46713541666666664,0.0,0.6344806862548622,0.10770390070921987,100,0.46767361111111116,False
calibrated_binned_posterior,Mixtral8x22B,4,0.47925167507595473,0.47925167507595473,0.0,0.6344806862548622,0.10770390070921987,100,0.4794752182195216,False
calibrated_binned_posterior,Mixtral8x22B,8,0.4831358603702238,0.4831358603702238,0.0,0.6344806862548622,0.10770390070921987,100,0.48273773213803894,True
calibrated_binned_posterior,Mixtral8x22B,16,0.4816449595796518,0.4816449595796518,0.0,0.6344806862548622,0.10770390070921987,100,0.4822183464543112,False
calibrated_binned_posterior,Mixtral8x22B,32,0.4775184133329582,0.4775184133329582,0.0,0.6344806862548622,0.10770390070921987,100,0.48085590671371714,False
calibrated_binned_posterior,Mixtral8x22B,48,0.47430789286042274,0.47430789286042274,0.0,0.6344806862548622,0.10770390070921987,100,0.479358057369338,False
calibrated_binned_posterior,Mixtral8x7B,1,0.23979166666666665,0.23979166666666665,0.0,0.5183355394736885,0.09574468085106386,100,0.23979166666666665,False
calibrated_binned_posterior,Mixtral8x7B,2,0.2477604166666667,0.2477604166666667,0.0,0.5183355394736885,0.09574468085106386,100,0.24976128472222223,False
calibrated_binned_posterior,Mixtral8x7B,4,0.24913876003689236,0.24913876003689236,0.0,0.5183355394736885,0.09574468085106386,100,0.25388408331223483,False
calibrated_binned_posterior,Mixtral8x7B,8,0.247708939708108,0.247708939708108,0.0,0.5183355394736885,0.09574468085106386,100,0.25357760082432695,False
calibrated_binned_posterior,Mixtral8x7B,16,0.24502427121494935,0.24502427121494935,0.0,0.5183355394736885,0.09574468085106386,100,0.24873292358437624,False
calibrated_binned_posterior,Mixtral8x7B,32,0.23661233534030957,0.23661233534030957,0.0,0.5183355394736885,0.09574468085106386,100,0.24155443352887937,False
calibrated_binned_posterior,Mixtral8x7B,48,0.229062090468087,0.229062090468087,0.0,0.5183355394736885,0.09574468085106386,100,0.23891118677648135,False
calibrated_binned_posterior,Qwen122B,1,0.7802083333333333,0.7802083333333333,0.0,0.7322567959741014,0.20622340425531915,100,0.7802083333333333,False
calibrated_binned_posterior,Qwen122B,2,0.7871354166666665,0.7871354166666665,0.0,0.7322567959741014,0.20622340425531915,100,0.7875998263888888,False
calibrated_binned_posterior,Qwen122B,4,0.7927848834755981,0.7927848834755981,0.0,0.7322567959741014,0.20622340425531915,100,0.7938315591694396,False
calibrated_binned_posterior,Qwen122B,8,0.7969697517447792,0.7969697517447792,0.0,0.7322567959741014,0.20622340425531915,100,0.7982869646273411,False
calibrated_binned_posterior,Qwen122B,16,0.7992381610386714,0.7992381610386714,0.0,0.7322567959741014,0.20622340425531915,100,0.800450799988838,False
calibrated_binned_posterior,Qwen122B,32,0.7992248292809273,0.7992248292809273,0.0,0.7322567959741014,0.20622340425531915,100,0.7992919127559786,False
calibrated_binned_posterior,Qwen122B,48,0.7985425393787478,0.7985425393787478,0.0,0.7322567959741014,0.20622340425531915,100,0.7970650242211812,True
calibrated_binned_posterior,Qwen397B,1,0.75625,0.75625,0.0,0.68426866595269,0.18788120567375888,100,0.75625,False
calibrated_binned_posterior,Qwen397B,2,0.7611501736111111,0.7611501736111111,0.0,0.68426866595269,0.18788120567375888,100,0.7624565972222223,False
calibrated_binned_posterior,Qwen397B,4,0.7643501658498505,0.7643501658498505,0.0,0.68426866595269,0.18788120567375888,100,0.7665811081874518,False
calibrated_binned_posterior,Qwen397B,8,0.768932582397056,0.768932582397056,0.0,0.68426866595269,0.18788120567375888,100,0.7723294905440742,False
calibrated_binned_posterior,Qwen397B,16,0.774496647611191,0.774496647611191,0.0,0.68426866595269,0.18788120567375888,100,0.779509502920575,False
calibrated_binned_posterior,Qwen397B,32,0.7784267303556615,0.7784267303556615,0.0,0.68426866595269,0.18788120567375888,100,0.7864868212998931,False
calibrated_binned_posterior,Qwen397B,48,0.7794183305787089,0.7794183305787089,0.0,0.68426866595269,0.18788120567375888,100,0.7902821755933371,False
calibrated_binned_posterior,QwenNext80B,1,0.7625,0.7625,0.0,0.605941641297545,0.31203014184397165,100,0.7625,False
calibrated_binned_posterior,QwenNext80B,2,0.7705121527777777,0.7705121527777777,0.0,0.605941641297545,0.31203014184397165,100,0.7736892361111112,False
calibrated_binned_posterior,QwenNext80B,4,0.7764556884765625,0.7764556884765625,0.0,0.605941641297545,0.31203014184397165,100,0.7809698222595969,False
calibrated_binned_posterior,QwenNext80B,8,0.7806051741800212,0.7806051741800212,0.0,0.605941641297545,0.31203014184397165,100,0.7847153663799878,False
calibrated_binned_posterior,QwenNext80B,16,0.782975346646557,0.782975346646557,0.0,0.605941641297545,0.31203014184397165,100,0.7851244237892608,False
calibrated_binned_posterior,QwenNext80B,32,0.7844806033387374,0.7844806033387374,0.0,0.605941641297545,0.31203014184397165,100,0.7831918709087219,True
calibrated_binned_posterior,QwenNext80B,48,0.785140735875637,0.785140735875637,0.0,0.605941641297545,0.31203014184397165,100,0.781824968166558,True
calibrated_binned_posterior,Stockmark100B,1,0.5735416666666667,0.5735416666666667,0.0,0.5967042527803249,0.13752659574468087,100,0.5735416666666667,False
calibrated_binned_posterior,Stockmark100B,2,0.5892838541666667,0.5892838541666667,0.0,0.5967042527803249,0.13752659574468087,100,0.5907595486111111,False
calibrated_binned_posterior,Stockmark100B,4,0.5984935298966773,0.5984935298966773,0.0,0.5967042527803249,0.13752659574468087,100,0.5999349090199412,False
calibrated_binned_posterior,Stockmark100B,8,0.6045804549097364,0.6045804549097364,0.0,0.5967042527803249,0.13752659574468087,100,0.6029275944781829,True
calibrated_binned_posterior,Stockmark100B,16,0.6085173158473596,0.6085173158473596,0.0,0.5967042527803249,0.13752659574468087,100,0.600463246827669,True
calibrated_binned_posterior,Stockmark100B,32,0.6090252252628965,0.6090252252628965,0.0,0.5967042527803249,0.13752659574468087,100,0.5971090844090368,True
calibrated_binned_posterior,Stockmark100B,48,0.6074361398028948,0.6074361398028948,0.0,0.5967042527803249,0.13752659574468087,100,0.5973229100703908,True
calibrated_binned_posterior,Super120B,1,0.6970833333333333,0.6970833333333333,0.0,0.5540398018807157,0.13681737588652484,100,0.6970833333333333,False
calibrated_binned_posterior,Super120B,2,0.7017491319444444,0.7017491319444444,0.0,0.5540398018807157,0.13681737588652484,100,0.6901649305555557,True
calibrated_binned_posterior,Super120B,4,0.7055795344599971,0.7055795344599971,0.0,0.5540398018807157,0.13681737588652484,100,0.6832642317406925,True
calibrated_binned_posterior,Super120B,8,0.7066388345105006,0.7066388345105006,0.0,0.5540398018807157,0.13681737588652484,100,0.6776916163819063,True
calibrated_binned_posterior,Super120B,16,0.7061052254966245,0.7061052254966245,0.0,0.5540398018807157,0.13681737588652484,100,0.673190068643667,True
calibrated_binned_posterior,Super120B,32,0.7049618207668656,0.7049618207668656,0.0,0.5540398018807157,0.13681737588652484,100,0.6690459064592099,True
calibrated_binned_posterior,Super120B,48,0.7038252232216639,0.7038252232216639,0.0,0.5540398018807157,0.13681737588652484,100,0.6666775227543834,True
calibrated_binned_posterior,Super49B,1,0.6654166666666668,0.6654166666666668,0.0,0.5579784811854935,0.11426418439716311,100,0.6654166666666668,False
calibrated_binned_posterior,Super49B,2,0.6685503472222223,0.6685503472222223,0.0,0.5579784811854935,0.11426418439716311,100,0.6688020833333335,False
calibrated_binned_posterior,Super49B,4,0.6698222784348475,0.6698222784348475,0.0,0.5579784811854935,0.11426418439716311,100,0.670141013816551,False
calibrated_binned_posterior,Super49B,8,0.6709068818896238,0.6709068818896238,0.0,0.5579784811854935,0.11426418439716311,100,0.6713136563968182,False
calibrated_binned_posterior,Super49B,16,0.6713482354252263,0.6713482354252263,0.0,0.5579784811854935,0.11426418439716311,100,0.6715977492261007,False
calibrated_binned_posterior,Super49B,32,0.6703700540698146,0.6703700540698146,0.0,0.5579784811854935,0.11426418439716311,100,0.6700767670098224,True
calibrated_binned_posterior,Super49B,48,0.6689821217209792,0.6689821217209792,0.0,0.5579784811854935,0.11426418439716311,100,0.6692285652404538,False
calibrated_binned_posterior,Ultra253B,1,0.8761160714285714,0.8761160714285714,0.0,0.5698832417582418,0.1431547619047619,56,0.8761160714285714,False
calibrated_binned_posterior,Ultra253B,2,0.8777204241071429,0.8777204241071429,0.0,0.5698832417582418,0.1431547619047619,56,0.8820452008928571,False
calibrated_binned_posterior,Ultra253B,4,0.8815926143101284,0.8815926143101284,0.0,0.5698832417582418,0.1431547619047619,56,0.8852519989013672,False
calibrated_binned_posterior,Ultra253B,8,0.8839722701107219,0.8839722701107219,0.0,0.5698832417582418,0.1431547619047619,56,0.888568863110517,False
calibrated_binned_posterior,Ultra253B,16,0.8863961083334385,0.8863961083334385,0.0,0.5698832417582418,0.1431547619047619,56,0.8912870240848555,False
calibrated_binned_posterior,Ultra253B,32,0.8900861724440665,0.8900861724440665,0.0,0.5698832417582418,0.1431547619047619,56,0.8926311362801663,False
calibrated_binned_posterior,Ultra253B,48,0.891811611317644,0.891811611317644,0.0,0.5698832417582418,0.1431547619047619,56,0.8928285902830437,False
oracle_correctness_verifier,3B,1,0.37962962962962965,0.37962962962962965,0.0,1.0,0.7625116412350456,99,0.37962962962962965,False
oracle_correctness_verifier,3B,2,0.4957561728395062,0.4957561728395062,0.0,1.0,0.7625116412350456,99,0.3977009680134681,True
oracle_correctness_verifier,3B,4,0.5963288057562507,0.5963288057562507,0.0,1.0,0.7625116412350456,99,0.4062277483128449,True
oracle_correctness_verifier,3B,8,0.6751254648793384,0.6751254648793384,0.0,1.0,0.7625116412350456,99,0.40897945388399287,True
oracle_correctness_verifier,3B,16,0.7338985197759209,0.7338985197759209,0.0,1.0,0.7625116412350456,99,0.4076556410242423,True
oracle_correctness_verifier,3B,32,0.7785825265456766,0.7785825265456766,0.0,1.0,0.7625116412350456,99,0.40978929172835066,True
oracle_correctness_verifier,3B,48,0.7996728661675768,0.7996728661675768,0.0,1.0,0.7625116412350456,99,0.41749372448452715,True
oracle_correctness_verifier,70B,1,0.6716666666666667,0.6716666666666667,0.0,1.0,0.8868085106382979,100,0.6716666666666667,False
oracle_correctness_verifier,70B,2,0.7270833333333334,0.7270833333333334,0.0,1.0,0.8868085106382979,100,0.6781163194444444,True
oracle_correctness_verifier,70B,4,0.7640438729745371,0.7640438729745371,0.0,1.0,0.8868085106382979,100,0.6779473161108701,True
oracle_correctness_verifier,70B,8,0.790531382549607,0.790531382549607,0.0,1.0,0.8868085106382979,100,0.6725469836924316,True
oracle_correctness_verifier,70B,16,0.8124582574254318,0.8124582574254318,0.0,1.0,0.8868085106382979,100,0.6614181792194921,True
oracle_correctness_verifier,70B,32,0.8311550962443512,0.8311550962443512,0.0,1.0,0.8868085106382979,100,0.6490536672742809,True
oracle_correctness_verifier,70B,48,0.8396718278409877,0.8396718278409877,0.0,1.0,0.8868085106382979,100,0.6454018847844877,True
oracle_correctness_verifier,8B,1,0.39604166666666674,0.39604166666666674,0.0,1.0,0.7496719858156028,100,0.39604166666666674,False
oracle_correctness_verifier,8B,2,0.5185980902777778,0.5185980902777778,0.0,1.0,0.7496719858156028,100,0.40663628472222224,True
oracle_correctness_verifier,8B,4,0.6225562672556182,0.6225562672556182,0.0,1.0,0.7496719858156028,100,0.41024037490656345,True
oracle_correctness_verifier,8B,8,0.6972227568913061,0.6972227568913061,0.0,1.0,0.7496719858156028,100,0.4096932114954122,True
oracle_correctness_verifier,8B,16,0.746748381491098,0.746748381491098,0.0,1.0,0.7496719858156028,100,0.40733732680365925,True
oracle_correctness_verifier,8B,32,0.7788870916128652,0.7788870916128652,0.0,1.0,0.7496719858156028,100,0.4006571739220717,True
oracle_correctness_verifier,8B,48,0.7919164917347362,0.7919164917347362,0.0,1.0,0.7496719858156028,100,0.3943425419966981,True
oracle_correctness_verifier,Dracarys70B,1,0.55,0.55,0.0,1.0,0.823209219858156,100,0.55,False
oracle_correctness_verifier,Dracarys70B,2,0.6365538194444444,0.6365538194444444,0.0,1.0,0.823209219858156,100,0.5510156250000001,True
oracle_correctness_verifier,Dracarys70B,4,0.6990679893964602,0.6990679893964602,0.0,1.0,0.823209219858156,100,0.5501064611364295,True
oracle_correctness_verifier,Dracarys70B,8,0.7424811950423178,0.7424811950423178,0.0,1.0,0.823209219858156,100,0.545812655555037,True
oracle_correctness_verifier,Dracarys70B,16,0.7727072280940928,0.7727072280940928,0.0,1.0,0.823209219858156,100,0.5398721623926065,True
oracle_correctness_verifier,Dracarys70B,32,0.7949217673651137,0.7949217673651137,0.0,1.0,0.823209219858156,100,0.5338655978975446,True
oracle_correctness_verifier,Dracarys70B,48,0.804705835751297,0.804705835751297,0.0,1.0,0.823209219858156,100,0.5300512122732491,True
oracle_correctness_verifier,GLM5,1,0.7966666666666665,0.7966666666666665,0.0,1.0,0.8781382978723404,100,0.7966666666666665,False
oracle_correctness_verifier,GLM5,2,0.856328125,0.856328125,0.0,1.0,0.8781382978723404,100,0.811796875,True
oracle_correctness_verifier,GLM5,4,0.8951489144784434,0.8951489144784434,0.0,1.0,0.8781382978723404,100,0.8193375990125868,True
oracle_correctness_verifier,GLM5,8,0.913994313835445,0.913994313835445,0.0,1.0,0.8781382978723404,100,0.8211512603423275,True
oracle_correctness_verifier,GLM5,16,0.9232138936323913,0.9232138936323913,0.0,1.0,0.8781382978723404,100,0.8198533336430603,True
oracle_correctness_verifier,GLM5,32,0.9321380163004885,0.9321380163004885,0.0,1.0,0.8781382978723404,100,0.8197005558455956,True
oracle_correctness_verifier,GLM5,48,0.9377828803139598,0.9377828803139598,0.0,1.0,0.8781382978723404,100,0.8205810005707945,True
oracle_correctness_verifier,Gemma3n2B,1,0.65375,0.65375,0.0,1.0,0.865336879432624,100,0.65375,False
oracle_correctness_verifier,Gemma3n2B,2,0.7196788194444445,0.7196788194444445,0.0,1.0,0.865336879432624,100,0.6644791666666667,True
oracle_correctness_verifier,Gemma3n2B,4,0.7657159386152104,0.7657159386152104,0.0,1.0,0.865336879432624,100,0.6680988679108795,True
oracle_correctness_verifier,Gemma3n2B,8,0.7979830509493828,0.7979830509493828,0.0,1.0,0.865336879432624,100,0.6707403298904143,True
oracle_correctness_verifier,Gemma3n2B,16,0.8211943654547708,0.8211943654547708,0.0,1.0,0.865336879432624,100,0.6746830165321451,True
oracle_correctness_verifier,Gemma3n2B,32,0.8387674808023863,0.8387674808023863,0.0,1.0,0.865336879432624,100,0.6790603971546099,True
oracle_correctness_verifier,Gemma3n2B,48,0.8467043369538294,0.8467043369538294,0.0,1.0,0.865336879432624,100,0.6811896595518356,True
oracle_correctness_verifier,Gemma3n4B,1,0.72875,0.72875,0.0,1.0,0.9165425531914893,100,0.72875,False
oracle_correctness_verifier,Gemma3n4B,2,0.7696093750000002,0.7696093750000002,0.0,1.0,0.9165425531914893,100,0.7349479166666667,True
oracle_correctness_verifier,Gemma3n4B,4,0.8009810723198786,0.8009810723198786,0.0,1.0,0.9165425531914893,100,0.7377189579716433,True
oracle_correctness_verifier,Gemma3n4B,8,0.8270219625106252,0.8270219625106252,0.0,1.0,0.9165425531914893,100,0.7384522250219651,True
oracle_correctness_verifier,Gemma3n4B,16,0.8515988238290846,0.8515988238290846,0.0,1.0,0.9165425531914893,100,0.7390677588410967,True
oracle_correctness_verifier,Gemma3n4B,32,0.8751050226072,0.8751050226072,0.0,1.0,0.9165425531914893,100,0.7394356987800194,True
oracle_correctness_verifier,Gemma3n4B,48,0.8860239445642363,0.8860239445642363,0.0,1.0,0.9165425531914893,100,0.7406077977527495,True
oracle_correctness_verifier,KimiK2,1,0.7314583333333333,0.7314583333333333,0.0,1.0,0.9172074468085105,100,0.7314583333333333,False
oracle_correctness_verifier,KimiK2,2,0.7719921875,0.7719921875,0.0,1.0,0.9172074468085105,100,0.7313498263888889,True
oracle_correctness_verifier,KimiK2,4,0.805293223063151,0.805293223063151,0.0,1.0,0.9172074468085105,100,0.7323787416057822,True
oracle_correctness_verifier,KimiK2,8,0.82986396219857,0.82986396219857,0.0,1.0,0.9172074468085105,100,0.7346406243714766,True
oracle_correctness_verifier,KimiK2,16,0.8502503975935534,0.8502503975935534,0.0,1.0,0.9172074468085105,100,0.7380249799007942,True
oracle_correctness_verifier,KimiK2,32,0.8715721693715704,0.8715721693715704,0.0,1.0,0.9172074468085105,100,0.7410681048281629,True
oracle_correctness_verifier,KimiK2,48,0.8842525196751819,0.8842525196751819,0.0,1.0,0.9172074468085105,100,0.7430144815598441,True
oracle_correctness_verifier,Maverick17B,1,0.7929166666666667,0.7929166666666667,0.0,1.0,0.9384042553191488,100,0.7929166666666667,False
oracle_correctness_verifier,Maverick17B,2,0.8230729166666666,0.8230729166666666,0.0,1.0,0.9384042553191488,100,0.7990364583333335,True
oracle_correctness_verifier,Maverick17B,4,0.8475796621817129,0.8475796621817129,0.0,1.0,0.9384042553191488,100,0.8010466512044271,True
oracle_correctness_verifier,Maverick17B,8,0.8696272749953384,0.8696272749953384,0.0,1.0,0.9384042553191488,100,0.8014230869072552,True
oracle_correctness_verifier,Maverick17B,16,0.8893735405905592,0.8893735405905592,0.0,1.0,0.9384042553191488,100,0.8011387070950934,True
oracle_correctness_verifier,Maverick17B,32,0.9045953876716339,0.9045953876716339,0.0,1.0,0.9384042553191488,100,0.8038023385096065,True
oracle_correctness_verifier,Maverick17B,48,0.910698289358065,0.910698289358065,0.0,1.0,0.9384042553191488,100,0.8079298224540712,True
oracle_correctness_verifier,MiniMax,1,0.653125,0.653125,0.0,1.0,0.9128989361702128,100,0.653125,False
oracle_correctness_verifier,MiniMax,2,0.6957682291666666,0.6957682291666666,0.0,1.0,0.9128989361702128,100,0.6548914930555556,True
oracle_correctness_verifier,MiniMax,4,0.728793058042173,0.728793058042173,0.0,1.0,0.9128989361702128,100,0.6527149774998794,True
oracle_correctness_verifier,MiniMax,8,0.7536777384626566,0.7536777384626566,0.0,1.0,0.9128989361702128,100,0.645136948563865,True
oracle_correctness_verifier,MiniMax,16,0.7736833776661161,0.7736833776661161,0.0,1.0,0.9128989361702128,100,0.6328617893609614,True
oracle_correctness_verifier,MiniMax,32,0.7936375751301705,0.7936375751301705,0.0,1.0,0.9128989361702128,100,0.6182462880273356,True
oracle_correctness_verifier,MiniMax,48,0.8054108934720553,0.8054108934720553,0.0,1.0,0.9128989361702128,100,0.6108784561759171,True
oracle_correctness_verifier,Ministral14B,1,0.668125,0.668125,0.0,1.0,0.9278989361702128,100,0.668125,False
oracle_correctness_verifier,Ministral14B,2,0.7034244791666668,0.7034244791666668,0.0,1.0,0.9278989361702128,100,0.6735460069444444,True
oracle_correctness_verifier,Ministral14B,4,0.725307950620298,0.725307950620298,0.0,1.0,0.9278989361702128,100,0.6755138952938127,True
oracle_correctness_verifier,Ministral14B,8,0.7437153037272214,0.7437153037272214,0.0,1.0,0.9278989361702128,100,0.6771078346930507,True
oracle_correctness_verifier,Ministral14B,16,0.7618531077316217,0.7618531077316217,0.0,1.0,0.9278989361702128,100,0.6794403108047828,True
oracle_correctness_verifier,Ministral14B,32,0.7796141422861627,0.7796141422861627,0.0,1.0,0.9278989361702128,100,0.6812811672338932,True
oracle_correctness_verifier,Ministral14B,48,0.7880715084750273,0.7880715084750273,0.0,1.0,0.9278989361702128,100,0.6816306216945369,True
oracle_correctness_verifier,MistralLarge675B,1,0.715625,0.715625,0.0,1.0,0.9528812056737589,100,0.715625,False
oracle_correctness_verifier,MistralLarge675B,2,0.7386935763888889,0.7386935763888889,0.0,1.0,0.9528812056737589,100,0.7170095486111111,True
oracle_correctness_verifier,MistralLarge675B,4,0.7577339888207706,0.7577339888207706,0.0,1.0,0.9528812056737589,100,0.7186585056634597,True
oracle_correctness_verifier,MistralLarge675B,8,0.7732309977716334,0.7732309977716334,0.0,1.0,0.9528812056737589,100,0.7202688590237734,True
oracle_correctness_verifier,MistralLarge675B,16,0.7840415224318242,0.7840415224318242,0.0,1.0,0.9528812056737589,100,0.7216216129450159,True
oracle_correctness_verifier,MistralLarge675B,32,0.7933719858617941,0.7933719858617941,0.0,1.0,0.9528812056737589,100,0.7238571041932369,True
oracle_correctness_verifier,MistralLarge675B,48,0.7986229379913391,0.7986229379913391,0.0,1.0,0.9528812056737589,100,0.7256835422812733,True
oracle_correctness_verifier,MistralNemotron,1,0.7254166666666667,0.7254166666666667,0.0,1.0,0.9345921985815603,100,0.7254166666666667,False
oracle_correctness_verifier,MistralNemotron,2,0.757439236111111,0.757439236111111,0.0,1.0,0.9345921985815603,100,0.7113888888888888,True
oracle_correctness_verifier,MistralNemotron,4,0.7817968938380112,0.7817968938380112,0.0,1.0,0.9345921985815603,100,0.7003958619671102,True
oracle_correctness_verifier,MistralNemotron,8,0.8045409569289071,0.8045409569289071,0.0,1.0,0.9345921985815603,100,0.6879014860455888,True
oracle_correctness_verifier,MistralNemotron,16,0.8229822708850796,0.8229822708850796,0.0,1.0,0.9345921985815603,100,0.6712519003196721,True
oracle_correctness_verifier,MistralNemotron,32,0.8355409604522864,0.8355409604522864,0.0,1.0,0.9345921985815603,100,0.649812951322557,True
oracle_correctness_verifier,MistralNemotron,48,0.8409119477796171,0.8409119477796171,0.0,1.0,0.9345921985815603,100,0.6369418085806765,True
oracle_correctness_verifier,MistralSmall119B,1,0.7093750000000001,0.7093750000000001,0.0,1.0,0.9321542553191489,100,0.7093750000000001,False
oracle_correctness_verifier,MistralSmall119B,2,0.7425911458333334,0.7425911458333334,0.0,1.0,0.9321542553191489,100,0.7082161458333335,True
oracle_correctness_verifier,MistralSmall119B,4,0.7675831830060039,0.7675831830060039,0.0,1.0,0.9321542553191489,100,0.7070585293240018,True
oracle_correctness_verifier,MistralSmall119B,8,0.787903902409031,0.787903902409031,0.0,1.0,0.9321542553191489,100,0.7049190142215656,True
oracle_correctness_verifier,MistralSmall119B,16,0.8051220887913924,0.8051220887913924,0.0,1.0,0.9321542553191489,100,0.7033212831089541,True
oracle_correctness_verifier,MistralSmall119B,32,0.8187488803895917,0.8187488803895917,0.0,1.0,0.9321542553191489,100,0.7048224908632704,True
oracle_correctness_verifier,MistralSmall119B,48,0.823939434339465,0.823939434339465,0.0,1.0,0.9321542553191489,100,0.7067412063519762,True
oracle_correctness_verifier,Mixtral8x22B,1,0.44375,0.44375,0.0,1.0,0.8097163120567374,100,0.44375,False
oracle_correctness_verifier,Mixtral8x22B,2,0.5369097222222221,0.5369097222222221,0.0,1.0,0.8097163120567374,100,0.46767361111111116,True
oracle_correctness_verifier,Mixtral8x22B,4,0.615801112798997,0.615801112798997,0.0,1.0,0.8097163120567374,100,0.4794752182195216,True
oracle_correctness_verifier,Mixtral8x22B,8,0.6877575836346266,0.6877575836346266,0.0,1.0,0.8097163120567374,100,0.48273773213803894,True
oracle_correctness_verifier,Mixtral8x22B,16,0.7521805930157014,0.7521805930157014,0.0,1.0,0.8097163120567374,100,0.4822183464543112,True
oracle_correctness_verifier,Mixtral8x22B,32,0.8018322220023252,0.8018322220023252,0.0,1.0,0.8097163120567374,100,0.48085590671371714,True
oracle_correctness_verifier,Mixtral8x22B,48,0.8214660848831545,0.8214660848831545,0.0,1.0,0.8097163120567374,100,0.479358057369338,True
oracle_correctness_verifier,Mixtral8x7B,1,0.23979166666666665,0.23979166666666665,0.0,1.0,0.7979875886524822,100,0.23979166666666665,False
oracle_correctness_verifier,Mixtral8x7B,2,0.33869357638888886,0.33869357638888886,0.0,1.0,0.7979875886524822,100,0.24976128472222223,True
oracle_correctness_verifier,Mixtral8x7B,4,0.44409939047731006,0.44409939047731006,0.0,1.0,0.7979875886524822,100,0.25388408331223483,True
oracle_correctness_verifier,Mixtral8x7B,8,0.5421338152316505,0.5421338152316505,0.0,1.0,0.7979875886524822,100,0.25357760082432695,True
oracle_correctness_verifier,Mixtral8x7B,16,0.6230391761351668,0.6230391761351668,0.0,1.0,0.7979875886524822,100,0.24873292358437624,True
oracle_correctness_verifier,Mixtral8x7B,32,0.6819261150325961,0.6819261150325961,0.0,1.0,0.7979875886524822,100,0.24155443352887937,True
oracle_correctness_verifier,Mixtral8x7B,48,0.7068197021999603,0.7068197021999603,0.0,1.0,0.7979875886524822,100,0.23891118677648135,True
oracle_correctness_verifier,Qwen122B,1,0.7802083333333333,0.7802083333333333,0.0,1.0,0.9608599290780141,100,0.7802083333333333,False
oracle_correctness_verifier,Qwen122B,2,0.7993706597222223,0.7993706597222223,0.0,1.0,0.9608599290780141,100,0.7875998263888888,True
oracle_correctness_verifier,Qwen122B,4,0.8143990957001109,0.8143990957001109,0.0,1.0,0.9608599290780141,100,0.7938315591694396,True
oracle_correctness_verifier,Qwen122B,8,0.8281595655617305,0.8281595655617305,0.0,1.0,0.9608599290780141,100,0.7982869646273411,True
oracle_correctness_verifier,Qwen122B,16,0.8424274526862338,0.8424274526862338,0.0,1.0,0.9608599290780141,100,0.800450799988838,True
oracle_correctness_verifier,Qwen122B,32,0.8538494392430915,0.8538494392430915,0.0,1.0,0.9608599290780141,100,0.7992919127559786,True
oracle_correctness_verifier,Qwen122B,48,0.8575796093322583,0.8575796093322583,0.0,1.0,0.9608599290780141,100,0.7970650242211812,True
oracle_correctness_verifier,Qwen397B,1,0.75625,0.75625,0.0,1.0,0.9524290780141844,100,0.75625,False
oracle_correctness_verifier,Qwen397B,2,0.7795399305555556,0.7795399305555556,0.0,1.0,0.9524290780141844,100,0.7624565972222223,True
oracle_correctness_verifier,Qwen397B,4,0.7986599882149403,0.7986599882149403,0.0,1.0,0.9524290780141844,100,0.7665811081874518,True
oracle_correctness_verifier,Qwen397B,8,0.8148893454856154,0.8148893454856154,0.0,1.0,0.9524290780141844,100,0.7723294905440742,True
oracle_correctness_verifier,Qwen397B,16,0.8280403005064142,0.8280403005064142,0.0,1.0,0.9524290780141844,100,0.779509502920575,True
oracle_correctness_verifier,Qwen397B,32,0.8405775202806207,0.8405775202806207,0.0,1.0,0.9524290780141844,100,0.7864868212998931,True
oracle_correctness_verifier,Qwen397B,48,0.8472805941112419,0.8472805941112419,0.0,1.0,0.9524290780141844,100,0.7902821755933371,True
oracle_correctness_verifier,QwenNext80B,1,0.7625,0.7625,0.0,1.0,0.9409042553191489,100,0.7625,False
oracle_correctness_verifier,QwenNext80B,2,0.7914322916666667,0.7914322916666667,0.0,1.0,0.9409042553191489,100,0.7736892361111112,True
oracle_correctness_verifier,QwenNext80B,4,0.812816128200955,0.812816128200955,0.0,1.0,0.9409042553191489,100,0.7809698222595969,True
oracle_correctness_verifier,QwenNext80B,8,0.8285217874706201,0.8285217874706201,0.0,1.0,0.9409042553191489,100,0.7847153663799878,True
oracle_correctness_verifier,QwenNext80B,16,0.8409025435957053,0.8409025435957053,0.0,1.0,0.9409042553191489,100,0.7851244237892608,True
oracle_correctness_verifier,QwenNext80B,32,0.852154301252273,0.852154301252273,0.0,1.0,0.9409042553191489,100,0.7831918709087219,True
oracle_correctness_verifier,QwenNext80B,48,0.8581761563612537,0.8581761563612537,0.0,1.0,0.9409042553191489,100,0.781824968166558,True
oracle_correctness_verifier,Stockmark100B,1,0.5735416666666667,0.5735416666666667,0.0,1.0,0.8482535460992908,100,0.5735416666666667,False
oracle_correctness_verifier,Stockmark100B,2,0.6478342013888888,0.6478342013888888,0.0,1.0,0.8482535460992908,100,0.5907595486111111,True
oracle_correctness_verifier,Stockmark100B,4,0.7043723645622347,0.7043723645622347,0.0,1.0,0.8482535460992908,100,0.5999349090199412,True
oracle_correctness_verifier,Stockmark100B,8,0.7519757042769666,0.7519757042769666,0.0,1.0,0.8482535460992908,100,0.6029275944781829,True
oracle_correctness_verifier,Stockmark100B,16,0.7927428051826696,0.7927428051826696,0.0,1.0,0.8482535460992908,100,0.600463246827669,True
oracle_correctness_verifier,Stockmark100B,32,0.8252721193847588,0.8252721193847588,0.0,1.0,0.8482535460992908,100,0.5971090844090368,True
oracle_correctness_verifier,Stockmark100B,48,0.8394046761586614,0.8394046761586614,0.0,1.0,0.8482535460992908,100,0.5973229100703908,True
oracle_correctness_verifier,Super120B,1,0.6970833333333333,0.6970833333333333,0.0,1.0,0.9055673758865248,100,0.6970833333333333,False
oracle_correctness_verifier,Super120B,2,0.7433159722222222,0.7433159722222222,0.0,1.0,0.9055673758865248,100,0.6901649305555557,True
oracle_correctness_verifier,Super120B,4,0.7806368378062306,0.7806368378062306,0.0,1.0,0.9055673758865248,100,0.6832642317406925,True
oracle_correctness_verifier,Super120B,8,0.810499233333269,0.810499233333269,0.0,1.0,0.9055673758865248,100,0.6776916163819063,True
oracle_correctness_verifier,Super120B,16,0.8353558673027842,0.8353558673027842,0.0,1.0,0.9055673758865248,100,0.673190068643667,True
oracle_correctness_verifier,Super120B,32,0.8544550661223282,0.8544550661223282,0.0,1.0,0.9055673758865248,100,0.6690459064592099,True
oracle_correctness_verifier,Super120B,48,0.8619370493088637,0.8619370493088637,0.0,1.0,0.9055673758865248,100,0.6666775227543834,True
oracle_correctness_verifier,Super49B,1,0.6654166666666668,0.6654166666666668,0.0,1.0,0.90427304964539,100,0.6654166666666668,False
oracle_correctness_verifier,Super49B,2,0.7122829861111112,0.7122829861111112,0.0,1.0,0.90427304964539,100,0.6688020833333335,True
oracle_correctness_verifier,Super49B,4,0.7508671475634162,0.7508671475634162,0.0,1.0,0.90427304964539,100,0.670141013816551,True
oracle_correctness_verifier,Super49B,8,0.7843887377469858,0.7843887377469858,0.0,1.0,0.90427304964539,100,0.6713136563968182,True
oracle_correctness_verifier,Super49B,16,0.8122991115590904,0.8122991115590904,0.0,1.0,0.90427304964539,100,0.6715977492261007,True
oracle_correctness_verifier,Super49B,32,0.834570811671409,0.834570811671409,0.0,1.0,0.90427304964539,100,0.6700767670098224,True
oracle_correctness_verifier,Super49B,48,0.8445090394056036,0.8445090394056036,0.0,1.0,0.90427304964539,100,0.6692285652404538,True
oracle_correctness_verifier,Ultra253B,1,0.8761160714285714,0.8761160714285714,0.0,1.0,0.9697916666666666,56,0.8761160714285714,False
oracle_correctness_verifier,Ultra253B,2,0.8902762276785714,0.8902762276785714,0.0,1.0,0.9697916666666666,56,0.8820452008928571,True
oracle_correctness_verifier,Ultra253B,4,0.8927555084228516,0.8927555084228516,0.0,1.0,0.9697916666666666,56,0.8852519989013672,True
oracle_correctness_verifier,Ultra253B,8,0.8928568409547941,0.8928568409547941,0.0,1.0,0.9697916666666666,56,0.888568863110517,True
oracle_correctness_verifier,Ultra253B,16,0.8928571428529433,0.8928571428529433,0.0,1.0,0.9697916666666666,56,0.8912870240848555,True
oracle_correctness_verifier,Ultra253B,32,0.8928571428571429,0.8928571428571429,0.0,1.0,0.9697916666666666,56,0.8926311362801663,True
oracle_correctness_verifier,Ultra253B,48,0.8928571428571429,0.8928571428571429,0.0,1.0,0.9697916666666666,56,0.8928285902830437,True
