verifier_name,num_verifiers,model,N,actual_acc,predicted_acc,MAE,auc,tie_rate,num_problems
oracle_correctness_verifier_M1,1,3B,1,0.37962962962962965,0.37962962962962965,0.0,1.0,0.7625116412350456,99
oracle_correctness_verifier_M1,1,3B,2,0.4957561728395062,0.4957561728395062,0.0,1.0,0.7625116412350456,99
oracle_correctness_verifier_M1,1,3B,4,0.5963288057562507,0.5963288057562507,0.0,1.0,0.7625116412350456,99
oracle_correctness_verifier_M1,1,3B,8,0.6751254648793384,0.6751254648793384,0.0,1.0,0.7625116412350456,99
oracle_correctness_verifier_M1,1,3B,16,0.7338985197759209,0.7338985197759209,0.0,1.0,0.7625116412350456,99
oracle_correctness_verifier_M1,1,3B,32,0.7785825265456766,0.7785825265456766,0.0,1.0,0.7625116412350456,99
oracle_correctness_verifier_M1,1,3B,48,0.7996728661675768,0.7996728661675768,0.0,1.0,0.7625116412350456,99
oracle_correctness_verifier_M1,1,70B,1,0.6716666666666667,0.6716666666666667,0.0,1.0,0.8868085106382979,100
oracle_correctness_verifier_M1,1,70B,2,0.7270833333333334,0.7270833333333334,0.0,1.0,0.8868085106382979,100
oracle_correctness_verifier_M1,1,70B,4,0.7640438729745371,0.7640438729745371,0.0,1.0,0.8868085106382979,100
oracle_correctness_verifier_M1,1,70B,8,0.790531382549607,0.790531382549607,0.0,1.0,0.8868085106382979,100
oracle_correctness_verifier_M1,1,70B,16,0.8124582574254318,0.8124582574254318,0.0,1.0,0.8868085106382979,100
oracle_correctness_verifier_M1,1,70B,32,0.8311550962443512,0.8311550962443512,0.0,1.0,0.8868085106382979,100
oracle_correctness_verifier_M1,1,70B,48,0.8396718278409877,0.8396718278409877,0.0,1.0,0.8868085106382979,100
oracle_correctness_verifier_M1,1,8B,1,0.39604166666666674,0.39604166666666674,0.0,1.0,0.7496719858156028,100
oracle_correctness_verifier_M1,1,8B,2,0.5185980902777778,0.5185980902777778,0.0,1.0,0.7496719858156028,100
oracle_correctness_verifier_M1,1,8B,4,0.6225562672556182,0.6225562672556182,0.0,1.0,0.7496719858156028,100
oracle_correctness_verifier_M1,1,8B,8,0.6972227568913061,0.6972227568913061,0.0,1.0,0.7496719858156028,100
oracle_correctness_verifier_M1,1,8B,16,0.746748381491098,0.746748381491098,0.0,1.0,0.7496719858156028,100
oracle_correctness_verifier_M1,1,8B,32,0.7788870916128652,0.7788870916128652,0.0,1.0,0.7496719858156028,100
oracle_correctness_verifier_M1,1,8B,48,0.7919164917347362,0.7919164917347362,0.0,1.0,0.7496719858156028,100
oracle_correctness_verifier_M1,1,Dracarys70B,1,0.55,0.55,0.0,1.0,0.823209219858156,100
oracle_correctness_verifier_M1,1,Dracarys70B,2,0.6365538194444444,0.6365538194444444,0.0,1.0,0.823209219858156,100
oracle_correctness_verifier_M1,1,Dracarys70B,4,0.6990679893964602,0.6990679893964602,0.0,1.0,0.823209219858156,100
oracle_correctness_verifier_M1,1,Dracarys70B,8,0.7424811950423178,0.7424811950423178,0.0,1.0,0.823209219858156,100
oracle_correctness_verifier_M1,1,Dracarys70B,16,0.7727072280940928,0.7727072280940928,0.0,1.0,0.823209219858156,100
oracle_correctness_verifier_M1,1,Dracarys70B,32,0.7949217673651137,0.7949217673651137,0.0,1.0,0.823209219858156,100
oracle_correctness_verifier_M1,1,Dracarys70B,48,0.804705835751297,0.804705835751297,0.0,1.0,0.823209219858156,100
oracle_correctness_verifier_M1,1,GLM5,1,0.7966666666666665,0.7966666666666665,0.0,1.0,0.8781382978723404,100
oracle_correctness_verifier_M1,1,GLM5,2,0.856328125,0.856328125,0.0,1.0,0.8781382978723404,100
oracle_correctness_verifier_M1,1,GLM5,4,0.8951489144784434,0.8951489144784434,0.0,1.0,0.8781382978723404,100
oracle_correctness_verifier_M1,1,GLM5,8,0.913994313835445,0.913994313835445,0.0,1.0,0.8781382978723404,100
oracle_correctness_verifier_M1,1,GLM5,16,0.9232138936323913,0.9232138936323913,0.0,1.0,0.8781382978723404,100
oracle_correctness_verifier_M1,1,GLM5,32,0.9321380163004885,0.9321380163004885,0.0,1.0,0.8781382978723404,100
oracle_correctness_verifier_M1,1,GLM5,48,0.9377828803139598,0.9377828803139598,0.0,1.0,0.8781382978723404,100
oracle_correctness_verifier_M1,1,Gemma3n2B,1,0.65375,0.65375,0.0,1.0,0.865336879432624,100
oracle_correctness_verifier_M1,1,Gemma3n2B,2,0.7196788194444445,0.7196788194444445,0.0,1.0,0.865336879432624,100
oracle_correctness_verifier_M1,1,Gemma3n2B,4,0.7657159386152104,0.7657159386152104,0.0,1.0,0.865336879432624,100
oracle_correctness_verifier_M1,1,Gemma3n2B,8,0.7979830509493828,0.7979830509493828,0.0,1.0,0.865336879432624,100
oracle_correctness_verifier_M1,1,Gemma3n2B,16,0.8211943654547708,0.8211943654547708,0.0,1.0,0.865336879432624,100
oracle_correctness_verifier_M1,1,Gemma3n2B,32,0.8387674808023863,0.8387674808023863,0.0,1.0,0.865336879432624,100
oracle_correctness_verifier_M1,1,Gemma3n2B,48,0.8467043369538294,0.8467043369538294,0.0,1.0,0.865336879432624,100
oracle_correctness_verifier_M1,1,Gemma3n4B,1,0.72875,0.72875,0.0,1.0,0.9165425531914893,100
oracle_correctness_verifier_M1,1,Gemma3n4B,2,0.7696093750000002,0.7696093750000002,0.0,1.0,0.9165425531914893,100
oracle_correctness_verifier_M1,1,Gemma3n4B,4,0.8009810723198786,0.8009810723198786,0.0,1.0,0.9165425531914893,100
oracle_correctness_verifier_M1,1,Gemma3n4B,8,0.8270219625106252,0.8270219625106252,0.0,1.0,0.9165425531914893,100
oracle_correctness_verifier_M1,1,Gemma3n4B,16,0.8515988238290846,0.8515988238290846,0.0,1.0,0.9165425531914893,100
oracle_correctness_verifier_M1,1,Gemma3n4B,32,0.8751050226072,0.8751050226072,0.0,1.0,0.9165425531914893,100
oracle_correctness_verifier_M1,1,Gemma3n4B,48,0.8860239445642363,0.8860239445642363,0.0,1.0,0.9165425531914893,100
oracle_correctness_verifier_M1,1,KimiK2,1,0.7314583333333333,0.7314583333333333,0.0,1.0,0.9172074468085105,100
oracle_correctness_verifier_M1,1,KimiK2,2,0.7719921875,0.7719921875,0.0,1.0,0.9172074468085105,100
oracle_correctness_verifier_M1,1,KimiK2,4,0.805293223063151,0.805293223063151,0.0,1.0,0.9172074468085105,100
oracle_correctness_verifier_M1,1,KimiK2,8,0.82986396219857,0.82986396219857,0.0,1.0,0.9172074468085105,100
oracle_correctness_verifier_M1,1,KimiK2,16,0.8502503975935534,0.8502503975935534,0.0,1.0,0.9172074468085105,100
oracle_correctness_verifier_M1,1,KimiK2,32,0.8715721693715704,0.8715721693715704,0.0,1.0,0.9172074468085105,100
oracle_correctness_verifier_M1,1,KimiK2,48,0.8842525196751819,0.8842525196751819,0.0,1.0,0.9172074468085105,100
oracle_correctness_verifier_M1,1,Maverick17B,1,0.7929166666666667,0.7929166666666667,0.0,1.0,0.9384042553191488,100
oracle_correctness_verifier_M1,1,Maverick17B,2,0.8230729166666666,0.8230729166666666,0.0,1.0,0.9384042553191488,100
oracle_correctness_verifier_M1,1,Maverick17B,4,0.8475796621817129,0.8475796621817129,0.0,1.0,0.9384042553191488,100
oracle_correctness_verifier_M1,1,Maverick17B,8,0.8696272749953384,0.8696272749953384,0.0,1.0,0.9384042553191488,100
oracle_correctness_verifier_M1,1,Maverick17B,16,0.8893735405905592,0.8893735405905592,0.0,1.0,0.9384042553191488,100
oracle_correctness_verifier_M1,1,Maverick17B,32,0.9045953876716339,0.9045953876716339,0.0,1.0,0.9384042553191488,100
oracle_correctness_verifier_M1,1,Maverick17B,48,0.910698289358065,0.910698289358065,0.0,1.0,0.9384042553191488,100
oracle_correctness_verifier_M1,1,MiniMax,1,0.653125,0.653125,0.0,1.0,0.9128989361702128,100
oracle_correctness_verifier_M1,1,MiniMax,2,0.6957682291666666,0.6957682291666666,0.0,1.0,0.9128989361702128,100
oracle_correctness_verifier_M1,1,MiniMax,4,0.728793058042173,0.728793058042173,0.0,1.0,0.9128989361702128,100
oracle_correctness_verifier_M1,1,MiniMax,8,0.7536777384626566,0.7536777384626566,0.0,1.0,0.9128989361702128,100
oracle_correctness_verifier_M1,1,MiniMax,16,0.7736833776661161,0.7736833776661161,0.0,1.0,0.9128989361702128,100
oracle_correctness_verifier_M1,1,MiniMax,32,0.7936375751301705,0.7936375751301705,0.0,1.0,0.9128989361702128,100
oracle_correctness_verifier_M1,1,MiniMax,48,0.8054108934720553,0.8054108934720553,0.0,1.0,0.9128989361702128,100
oracle_correctness_verifier_M1,1,Ministral14B,1,0.668125,0.668125,0.0,1.0,0.9278989361702128,100
oracle_correctness_verifier_M1,1,Ministral14B,2,0.7034244791666668,0.7034244791666668,0.0,1.0,0.9278989361702128,100
oracle_correctness_verifier_M1,1,Ministral14B,4,0.725307950620298,0.725307950620298,0.0,1.0,0.9278989361702128,100
oracle_correctness_verifier_M1,1,Ministral14B,8,0.7437153037272214,0.7437153037272214,0.0,1.0,0.9278989361702128,100
oracle_correctness_verifier_M1,1,Ministral14B,16,0.7618531077316217,0.7618531077316217,0.0,1.0,0.9278989361702128,100
oracle_correctness_verifier_M1,1,Ministral14B,32,0.7796141422861627,0.7796141422861627,0.0,1.0,0.9278989361702128,100
oracle_correctness_verifier_M1,1,Ministral14B,48,0.7880715084750273,0.7880715084750273,0.0,1.0,0.9278989361702128,100
oracle_correctness_verifier_M1,1,MistralLarge675B,1,0.715625,0.715625,0.0,1.0,0.9528812056737589,100
oracle_correctness_verifier_M1,1,MistralLarge675B,2,0.7386935763888889,0.7386935763888889,0.0,1.0,0.9528812056737589,100
oracle_correctness_verifier_M1,1,MistralLarge675B,4,0.7577339888207706,0.7577339888207706,0.0,1.0,0.9528812056737589,100
oracle_correctness_verifier_M1,1,MistralLarge675B,8,0.7732309977716334,0.7732309977716334,0.0,1.0,0.9528812056737589,100
oracle_correctness_verifier_M1,1,MistralLarge675B,16,0.7840415224318242,0.7840415224318242,0.0,1.0,0.9528812056737589,100
oracle_correctness_verifier_M1,1,MistralLarge675B,32,0.7933719858617941,0.7933719858617941,0.0,1.0,0.9528812056737589,100
oracle_correctness_verifier_M1,1,MistralLarge675B,48,0.7986229379913391,0.7986229379913391,0.0,1.0,0.9528812056737589,100
oracle_correctness_verifier_M1,1,MistralNemotron,1,0.7254166666666667,0.7254166666666667,0.0,1.0,0.9345921985815603,100
oracle_correctness_verifier_M1,1,MistralNemotron,2,0.757439236111111,0.757439236111111,0.0,1.0,0.9345921985815603,100
oracle_correctness_verifier_M1,1,MistralNemotron,4,0.7817968938380112,0.7817968938380112,0.0,1.0,0.9345921985815603,100
oracle_correctness_verifier_M1,1,MistralNemotron,8,0.8045409569289071,0.8045409569289071,0.0,1.0,0.9345921985815603,100
oracle_correctness_verifier_M1,1,MistralNemotron,16,0.8229822708850796,0.8229822708850796,0.0,1.0,0.9345921985815603,100
oracle_correctness_verifier_M1,1,MistralNemotron,32,0.8355409604522864,0.8355409604522864,0.0,1.0,0.9345921985815603,100
oracle_correctness_verifier_M1,1,MistralNemotron,48,0.8409119477796171,0.8409119477796171,0.0,1.0,0.9345921985815603,100
oracle_correctness_verifier_M1,1,MistralSmall119B,1,0.7093750000000001,0.7093750000000001,0.0,1.0,0.9321542553191489,100
oracle_correctness_verifier_M1,1,MistralSmall119B,2,0.7425911458333334,0.7425911458333334,0.0,1.0,0.9321542553191489,100
oracle_correctness_verifier_M1,1,MistralSmall119B,4,0.7675831830060039,0.7675831830060039,0.0,1.0,0.9321542553191489,100
oracle_correctness_verifier_M1,1,MistralSmall119B,8,0.787903902409031,0.787903902409031,0.0,1.0,0.9321542553191489,100
oracle_correctness_verifier_M1,1,MistralSmall119B,16,0.8051220887913924,0.8051220887913924,0.0,1.0,0.9321542553191489,100
oracle_correctness_verifier_M1,1,MistralSmall119B,32,0.8187488803895917,0.8187488803895917,0.0,1.0,0.9321542553191489,100
oracle_correctness_verifier_M1,1,MistralSmall119B,48,0.823939434339465,0.823939434339465,0.0,1.0,0.9321542553191489,100
oracle_correctness_verifier_M1,1,Mixtral8x22B,1,0.44375,0.44375,0.0,1.0,0.8097163120567374,100
oracle_correctness_verifier_M1,1,Mixtral8x22B,2,0.5369097222222221,0.5369097222222221,0.0,1.0,0.8097163120567374,100
oracle_correctness_verifier_M1,1,Mixtral8x22B,4,0.615801112798997,0.615801112798997,0.0,1.0,0.8097163120567374,100
oracle_correctness_verifier_M1,1,Mixtral8x22B,8,0.6877575836346266,0.6877575836346266,0.0,1.0,0.8097163120567374,100
oracle_correctness_verifier_M1,1,Mixtral8x22B,16,0.7521805930157014,0.7521805930157014,0.0,1.0,0.8097163120567374,100
oracle_correctness_verifier_M1,1,Mixtral8x22B,32,0.8018322220023252,0.8018322220023252,0.0,1.0,0.8097163120567374,100
oracle_correctness_verifier_M1,1,Mixtral8x22B,48,0.8214660848831545,0.8214660848831545,0.0,1.0,0.8097163120567374,100
oracle_correctness_verifier_M1,1,Mixtral8x7B,1,0.23979166666666665,0.23979166666666665,0.0,1.0,0.7979875886524822,100
oracle_correctness_verifier_M1,1,Mixtral8x7B,2,0.33869357638888886,0.33869357638888886,0.0,1.0,0.7979875886524822,100
oracle_correctness_verifier_M1,1,Mixtral8x7B,4,0.44409939047731006,0.44409939047731006,0.0,1.0,0.7979875886524822,100
oracle_correctness_verifier_M1,1,Mixtral8x7B,8,0.5421338152316505,0.5421338152316505,0.0,1.0,0.7979875886524822,100
oracle_correctness_verifier_M1,1,Mixtral8x7B,16,0.6230391761351668,0.6230391761351668,0.0,1.0,0.7979875886524822,100
oracle_correctness_verifier_M1,1,Mixtral8x7B,32,0.6819261150325961,0.6819261150325961,0.0,1.0,0.7979875886524822,100
oracle_correctness_verifier_M1,1,Mixtral8x7B,48,0.7068197021999603,0.7068197021999603,0.0,1.0,0.7979875886524822,100
oracle_correctness_verifier_M1,1,Qwen122B,1,0.7802083333333333,0.7802083333333333,0.0,1.0,0.9608599290780141,100
oracle_correctness_verifier_M1,1,Qwen122B,2,0.7993706597222223,0.7993706597222223,0.0,1.0,0.9608599290780141,100
oracle_correctness_verifier_M1,1,Qwen122B,4,0.8143990957001109,0.8143990957001109,0.0,1.0,0.9608599290780141,100
oracle_correctness_verifier_M1,1,Qwen122B,8,0.8281595655617305,0.8281595655617305,0.0,1.0,0.9608599290780141,100
oracle_correctness_verifier_M1,1,Qwen122B,16,0.8424274526862338,0.8424274526862338,0.0,1.0,0.9608599290780141,100
oracle_correctness_verifier_M1,1,Qwen122B,32,0.8538494392430915,0.8538494392430915,0.0,1.0,0.9608599290780141,100
oracle_correctness_verifier_M1,1,Qwen122B,48,0.8575796093322583,0.8575796093322583,0.0,1.0,0.9608599290780141,100
oracle_correctness_verifier_M1,1,Qwen397B,1,0.75625,0.75625,0.0,1.0,0.9524290780141844,100
oracle_correctness_verifier_M1,1,Qwen397B,2,0.7795399305555556,0.7795399305555556,0.0,1.0,0.9524290780141844,100
oracle_correctness_verifier_M1,1,Qwen397B,4,0.7986599882149403,0.7986599882149403,0.0,1.0,0.9524290780141844,100
oracle_correctness_verifier_M1,1,Qwen397B,8,0.8148893454856154,0.8148893454856154,0.0,1.0,0.9524290780141844,100
oracle_correctness_verifier_M1,1,Qwen397B,16,0.8280403005064142,0.8280403005064142,0.0,1.0,0.9524290780141844,100
oracle_correctness_verifier_M1,1,Qwen397B,32,0.8405775202806207,0.8405775202806207,0.0,1.0,0.9524290780141844,100
oracle_correctness_verifier_M1,1,Qwen397B,48,0.8472805941112419,0.8472805941112419,0.0,1.0,0.9524290780141844,100
oracle_correctness_verifier_M1,1,QwenNext80B,1,0.7625,0.7625,0.0,1.0,0.9409042553191489,100
oracle_correctness_verifier_M1,1,QwenNext80B,2,0.7914322916666667,0.7914322916666667,0.0,1.0,0.9409042553191489,100
oracle_correctness_verifier_M1,1,QwenNext80B,4,0.812816128200955,0.812816128200955,0.0,1.0,0.9409042553191489,100
oracle_correctness_verifier_M1,1,QwenNext80B,8,0.8285217874706201,0.8285217874706201,0.0,1.0,0.9409042553191489,100
oracle_correctness_verifier_M1,1,QwenNext80B,16,0.8409025435957053,0.8409025435957053,0.0,1.0,0.9409042553191489,100
oracle_correctness_verifier_M1,1,QwenNext80B,32,0.852154301252273,0.852154301252273,0.0,1.0,0.9409042553191489,100
oracle_correctness_verifier_M1,1,QwenNext80B,48,0.8581761563612537,0.8581761563612537,0.0,1.0,0.9409042553191489,100
oracle_correctness_verifier_M1,1,Stockmark100B,1,0.5735416666666667,0.5735416666666667,0.0,1.0,0.8482535460992908,100
oracle_correctness_verifier_M1,1,Stockmark100B,2,0.6478342013888888,0.6478342013888888,0.0,1.0,0.8482535460992908,100
oracle_correctness_verifier_M1,1,Stockmark100B,4,0.7043723645622347,0.7043723645622347,0.0,1.0,0.8482535460992908,100
oracle_correctness_verifier_M1,1,Stockmark100B,8,0.7519757042769666,0.7519757042769666,0.0,1.0,0.8482535460992908,100
oracle_correctness_verifier_M1,1,Stockmark100B,16,0.7927428051826696,0.7927428051826696,0.0,1.0,0.8482535460992908,100
oracle_correctness_verifier_M1,1,Stockmark100B,32,0.8252721193847588,0.8252721193847588,0.0,1.0,0.8482535460992908,100
oracle_correctness_verifier_M1,1,Stockmark100B,48,0.8394046761586614,0.8394046761586614,0.0,1.0,0.8482535460992908,100
oracle_correctness_verifier_M1,1,Super120B,1,0.6970833333333333,0.6970833333333333,0.0,1.0,0.9055673758865248,100
oracle_correctness_verifier_M1,1,Super120B,2,0.7433159722222222,0.7433159722222222,0.0,1.0,0.9055673758865248,100
oracle_correctness_verifier_M1,1,Super120B,4,0.7806368378062306,0.7806368378062306,0.0,1.0,0.9055673758865248,100
oracle_correctness_verifier_M1,1,Super120B,8,0.810499233333269,0.810499233333269,0.0,1.0,0.9055673758865248,100
oracle_correctness_verifier_M1,1,Super120B,16,0.8353558673027842,0.8353558673027842,0.0,1.0,0.9055673758865248,100
oracle_correctness_verifier_M1,1,Super120B,32,0.8544550661223282,0.8544550661223282,0.0,1.0,0.9055673758865248,100
oracle_correctness_verifier_M1,1,Super120B,48,0.8619370493088637,0.8619370493088637,0.0,1.0,0.9055673758865248,100
oracle_correctness_verifier_M1,1,Super49B,1,0.6654166666666668,0.6654166666666668,0.0,1.0,0.90427304964539,100
oracle_correctness_verifier_M1,1,Super49B,2,0.7122829861111112,0.7122829861111112,0.0,1.0,0.90427304964539,100
oracle_correctness_verifier_M1,1,Super49B,4,0.7508671475634162,0.7508671475634162,0.0,1.0,0.90427304964539,100
oracle_correctness_verifier_M1,1,Super49B,8,0.7843887377469858,0.7843887377469858,0.0,1.0,0.90427304964539,100
oracle_correctness_verifier_M1,1,Super49B,16,0.8122991115590904,0.8122991115590904,0.0,1.0,0.90427304964539,100
oracle_correctness_verifier_M1,1,Super49B,32,0.834570811671409,0.834570811671409,0.0,1.0,0.90427304964539,100
oracle_correctness_verifier_M1,1,Super49B,48,0.8445090394056036,0.8445090394056036,0.0,1.0,0.90427304964539,100
oracle_correctness_verifier_M1,1,Ultra253B,1,0.8761160714285714,0.8761160714285714,0.0,1.0,0.9697916666666666,56
oracle_correctness_verifier_M1,1,Ultra253B,2,0.8902762276785714,0.8902762276785714,0.0,1.0,0.9697916666666666,56
oracle_correctness_verifier_M1,1,Ultra253B,4,0.8927555084228516,0.8927555084228516,0.0,1.0,0.9697916666666666,56
oracle_correctness_verifier_M1,1,Ultra253B,8,0.8928568409547941,0.8928568409547941,0.0,1.0,0.9697916666666666,56
oracle_correctness_verifier_M1,1,Ultra253B,16,0.8928571428529433,0.8928571428529433,0.0,1.0,0.9697916666666666,56
oracle_correctness_verifier_M1,1,Ultra253B,32,0.8928571428571429,0.8928571428571429,0.0,1.0,0.9697916666666666,56
oracle_correctness_verifier_M1,1,Ultra253B,48,0.8928571428571429,0.8928571428571429,0.0,1.0,0.9697916666666666,56
synthetic_noisy_verifier_M1,1,3B,1,0.37962962962962965,0.37962962962962965,0.0,0.832431212564973,0.0,99
synthetic_noisy_verifier_M1,1,3B,2,0.45372124017957355,0.45372124017957355,0.0,0.832431212564973,0.0,99
synthetic_noisy_verifier_M1,1,3B,4,0.5169240768628609,0.5169240768628609,0.0,0.832431212564973,0.0,99
synthetic_noisy_verifier_M1,1,3B,8,0.5704260506916726,0.5704260506916726,0.0,0.832431212564973,0.0,99
synthetic_noisy_verifier_M1,1,3B,16,0.6156021017133849,0.6156021017133849,0.0,0.832431212564973,0.0,99
synthetic_noisy_verifier_M1,1,3B,32,0.649099501586,0.649099501586,0.0,0.832431212564973,0.0,99
synthetic_noisy_verifier_M1,1,3B,48,0.6602416950468153,0.6602416950468153,0.0,0.832431212564973,0.0,99
synthetic_noisy_verifier_M1,1,70B,1,0.6716666666666667,0.6716666666666667,0.0,0.8167226745566448,0.0,100
synthetic_noisy_verifier_M1,1,70B,2,0.7064236111111112,0.7064236111111112,0.0,0.8167226745566448,0.0,100
synthetic_noisy_verifier_M1,1,70B,4,0.7318598391685956,0.7318598391685956,0.0,0.8167226745566448,0.0,100
synthetic_noisy_verifier_M1,1,70B,8,0.751549139311232,0.751549139311232,0.0,0.8167226745566448,0.0,100
synthetic_noisy_verifier_M1,1,70B,16,0.7688708431902532,0.7688708431902532,0.0,0.8167226745566448,0.0,100
synthetic_noisy_verifier_M1,1,70B,32,0.7843758585101769,0.7843758585101769,0.0,0.8167226745566448,0.0,100
synthetic_noisy_verifier_M1,1,70B,48,0.7923167530852602,0.7923167530852602,0.0,0.8167226745566448,0.0,100
synthetic_noisy_verifier_M1,1,8B,1,0.39604166666666674,0.39604166666666674,0.0,0.8353923008121621,0.0,100
synthetic_noisy_verifier_M1,1,8B,2,0.47812934027777787,0.47812934027777787,0.0,0.8353923008121621,0.0,100
synthetic_noisy_verifier_M1,1,8B,4,0.5460065620328173,0.5460065620328173,0.0,0.8353923008121621,0.0,100
synthetic_noisy_verifier_M1,1,8B,8,0.5982240649816726,0.5982240649816726,0.0,0.8353923008121621,0.0,100
synthetic_noisy_verifier_M1,1,8B,16,0.6361890347991653,0.6361890347991653,0.0,0.8353923008121621,0.0,100
synthetic_noisy_verifier_M1,1,8B,32,0.6636389181155725,0.6636389181155725,0.0,0.8353923008121621,0.0,100
synthetic_noisy_verifier_M1,1,8B,48,0.6753427078058931,0.6753427078058931,0.0,0.8353923008121621,0.0,100
synthetic_noisy_verifier_M1,1,Dracarys70B,1,0.55,0.55,0.0,0.8287230819450634,0.0,100
synthetic_noisy_verifier_M1,1,Dracarys70B,2,0.607595486111111,0.607595486111111,0.0,0.8287230819450634,0.0,100
synthetic_noisy_verifier_M1,1,Dracarys70B,4,0.6503287044572241,0.6503287044572241,0.0,0.8287230819450634,0.0,100
synthetic_noisy_verifier_M1,1,Dracarys70B,8,0.6813866794484124,0.6813866794484124,0.0,0.8287230819450634,0.0,100
synthetic_noisy_verifier_M1,1,Dracarys70B,16,0.7023729983975824,0.7023729983975824,0.0,0.8287230819450634,0.0,100
synthetic_noisy_verifier_M1,1,Dracarys70B,32,0.7155521479667208,0.7155521479667208,0.0,0.8287230819450634,0.0,100
synthetic_noisy_verifier_M1,1,Dracarys70B,48,0.7214663585216473,0.7214663585216473,0.0,0.8287230819450634,0.0,100
synthetic_noisy_verifier_M1,1,GLM5,1,0.7966666666666665,0.7966666666666665,0.0,0.8037074875048702,0.0,100
synthetic_noisy_verifier_M1,1,GLM5,2,0.8348958333333333,0.8348958333333333,0.0,0.8037074875048702,0.0,100
synthetic_noisy_verifier_M1,1,GLM5,4,0.8621653012876156,0.8621653012876156,0.0,0.8037074875048702,0.0,100
synthetic_noisy_verifier_M1,1,GLM5,8,0.8789616849624935,0.8789616849624935,0.0,0.8037074875048702,0.0,100
synthetic_noisy_verifier_M1,1,GLM5,16,0.8880327201205743,0.8880327201205743,0.0,0.8037074875048702,0.0,100
synthetic_noisy_verifier_M1,1,GLM5,32,0.8934708858820077,0.8934708858820077,0.0,0.8037074875048702,0.0,100
synthetic_noisy_verifier_M1,1,GLM5,48,0.8958572769874636,0.8958572769874636,0.0,0.8037074875048702,0.0,100
synthetic_noisy_verifier_M1,1,Gemma3n2B,1,0.65375,0.65375,0.0,0.8320579780991629,0.0,100
synthetic_noisy_verifier_M1,1,Gemma3n2B,2,0.6961284722222223,0.6961284722222223,0.0,0.8320579780991629,0.0,100
synthetic_noisy_verifier_M1,1,Gemma3n2B,4,0.7283492853612075,0.7283492853612075,0.0,0.8320579780991629,0.0,100
synthetic_noisy_verifier_M1,1,Gemma3n2B,8,0.753150337278189,0.753150337278189,0.0,0.8320579780991629,0.0,100
synthetic_noisy_verifier_M1,1,Gemma3n2B,16,0.7741053532351657,0.7741053532351657,0.0,0.8320579780991629,0.0,100
synthetic_noisy_verifier_M1,1,Gemma3n2B,32,0.7923940630634487,0.7923940630634487,0.0,0.8320579780991629,0.0,100
synthetic_noisy_verifier_M1,1,Gemma3n2B,48,0.8014703647596694,0.8014703647596694,0.0,0.8320579780991629,0.0,100
synthetic_noisy_verifier_M1,1,Gemma3n4B,1,0.72875,0.72875,0.0,0.8292254751733068,0.0,100
synthetic_noisy_verifier_M1,1,Gemma3n4B,2,0.7553645833333335,0.7553645833333335,0.0,0.8292254751733068,0.0,100
synthetic_noisy_verifier_M1,1,Gemma3n4B,4,0.7751092981409144,0.7751092981409144,0.0,0.8292254751733068,0.0,100
synthetic_noisy_verifier_M1,1,Gemma3n4B,8,0.790966253939724,0.790966253939724,0.0,0.8292254751733068,0.0,100
synthetic_noisy_verifier_M1,1,Gemma3n4B,16,0.8059397013207336,0.8059397013207336,0.0,0.8292254751733068,0.0,100
synthetic_noisy_verifier_M1,1,Gemma3n4B,32,0.8190825446851071,0.8190825446851071,0.0,0.8292254751733068,0.0,100
synthetic_noisy_verifier_M1,1,Gemma3n4B,48,0.8251733698972743,0.8251733698972743,0.0,0.8292254751733068,0.0,100
synthetic_noisy_verifier_M1,1,KimiK2,1,0.7314583333333333,0.7314583333333333,0.0,0.8304087755912809,0.0,100
synthetic_noisy_verifier_M1,1,KimiK2,2,0.7591970486111111,0.7591970486111111,0.0,0.8304087755912809,0.0,100
synthetic_noisy_verifier_M1,1,KimiK2,4,0.7827662394959249,0.7827662394959249,0.0,0.8304087755912809,0.0,100
synthetic_noisy_verifier_M1,1,KimiK2,8,0.8030026808569882,0.8030026808569882,0.0,0.8304087755912809,0.0,100
synthetic_noisy_verifier_M1,1,KimiK2,16,0.8196552082644406,0.8196552082644406,0.0,0.8304087755912809,0.0,100
synthetic_noisy_verifier_M1,1,KimiK2,32,0.830776229260031,0.830776229260031,0.0,0.8304087755912809,0.0,100
synthetic_noisy_verifier_M1,1,KimiK2,48,0.8347192686886725,0.8347192686886725,0.0,0.8304087755912809,0.0,100
synthetic_noisy_verifier_M1,1,Maverick17B,1,0.7929166666666667,0.7929166666666667,0.0,0.8134180388577986,0.0,100
synthetic_noisy_verifier_M1,1,Maverick17B,2,0.8118663194444445,0.8118663194444445,0.0,0.8134180388577986,0.0,100
synthetic_noisy_verifier_M1,1,Maverick17B,4,0.826785636242525,0.826785636242525,0.0,0.8134180388577986,0.0,100
synthetic_noisy_verifier_M1,1,Maverick17B,8,0.8384942516242114,0.8384942516242114,0.0,0.8134180388577986,0.0,100
synthetic_noisy_verifier_M1,1,Maverick17B,16,0.8487556488227707,0.8487556488227707,0.0,0.8134180388577986,0.0,100
synthetic_noisy_verifier_M1,1,Maverick17B,32,0.8586807210223819,0.8586807210223819,0.0,0.8134180388577986,0.0,100
synthetic_noisy_verifier_M1,1,Maverick17B,48,0.8634557131108115,0.8634557131108115,0.0,0.8134180388577986,0.0,100
synthetic_noisy_verifier_M1,1,MiniMax,1,0.653125,0.653125,0.0,0.8309363656094915,0.0,100
synthetic_noisy_verifier_M1,1,MiniMax,2,0.6815147569444444,0.6815147569444444,0.0,0.8309363656094915,0.0,100
synthetic_noisy_verifier_M1,1,MiniMax,4,0.7032626248583382,0.7032626248583382,0.0,0.8309363656094915,0.0,100
synthetic_noisy_verifier_M1,1,MiniMax,8,0.7203076925254241,0.7203076925254241,0.0,0.8309363656094915,0.0,100
synthetic_noisy_verifier_M1,1,MiniMax,16,0.7352547535420431,0.7352547535420431,0.0,0.8309363656094915,0.0,100
synthetic_noisy_verifier_M1,1,MiniMax,32,0.7502108609898365,0.7502108609898365,0.0,0.8309363656094915,0.0,100
synthetic_noisy_verifier_M1,1,MiniMax,48,0.7581122769143585,0.7581122769143585,0.0,0.8309363656094915,0.0,100
synthetic_noisy_verifier_M1,1,Ministral14B,1,0.668125,0.668125,0.0,0.8196227049719566,0.0,100
synthetic_noisy_verifier_M1,1,Ministral14B,2,0.690368923611111,0.690368923611111,0.0,0.8196227049719566,0.0,100
synthetic_noisy_verifier_M1,1,Ministral14B,4,0.7054385959954907,0.7054385959954907,0.0,0.8196227049719566,0.0,100
synthetic_noisy_verifier_M1,1,Ministral14B,8,0.717891362104991,0.717891362104991,0.0,0.8196227049719566,0.0,100
synthetic_noisy_verifier_M1,1,Ministral14B,16,0.7288521019491525,0.7288521019491525,0.0,0.8196227049719566,0.0,100
synthetic_noisy_verifier_M1,1,Ministral14B,32,0.7381775615005715,0.7381775615005715,0.0,0.8196227049719566,0.0,100
synthetic_noisy_verifier_M1,1,Ministral14B,48,0.7424698909441625,0.7424698909441625,0.0,0.8196227049719566,0.0,100
synthetic_noisy_verifier_M1,1,MistralLarge675B,1,0.715625,0.715625,0.0,0.8134882417000542,0.0,100
synthetic_noisy_verifier_M1,1,MistralLarge675B,2,0.7314366319444444,0.7314366319444444,0.0,0.8134882417000542,0.0,100
synthetic_noisy_verifier_M1,1,MistralLarge675B,4,0.7448040451238185,0.7448040451238185,0.0,0.8134882417000542,0.0,100
synthetic_noisy_verifier_M1,1,MistralLarge675B,8,0.7568058966612915,0.7568058966612915,0.0,0.8134882417000542,0.0,100
synthetic_noisy_verifier_M1,1,MistralLarge675B,16,0.765759238840381,0.765759238840381,0.0,0.8134882417000542,0.0,100
synthetic_noisy_verifier_M1,1,MistralLarge675B,32,0.7696802121327372,0.7696802121327372,0.0,0.8134882417000542,0.0,100
synthetic_noisy_verifier_M1,1,MistralLarge675B,48,0.7700907981152195,0.7700907981152195,0.0,0.8134882417000542,0.0,100
synthetic_noisy_verifier_M1,1,MistralNemotron,1,0.7254166666666667,0.7254166666666667,0.0,0.820975304461729,0.0,100
synthetic_noisy_verifier_M1,1,MistralNemotron,2,0.7453559027777777,0.7453559027777777,0.0,0.820975304461729,0.0,100
synthetic_noisy_verifier_M1,1,MistralNemotron,4,0.7613264484170043,0.7613264484170043,0.0,0.820975304461729,0.0,100
synthetic_noisy_verifier_M1,1,MistralNemotron,8,0.7747285430276846,0.7747285430276846,0.0,0.820975304461729,0.0,100
synthetic_noisy_verifier_M1,1,MistralNemotron,16,0.785054706266055,0.785054706266055,0.0,0.820975304461729,0.0,100
synthetic_noisy_verifier_M1,1,MistralNemotron,32,0.7919572932259584,0.7919572932259584,0.0,0.820975304461729,0.0,100
synthetic_noisy_verifier_M1,1,MistralNemotron,48,0.7935459177395938,0.7935459177395938,0.0,0.820975304461729,0.0,100
synthetic_noisy_verifier_M1,1,MistralSmall119B,1,0.7093750000000001,0.7093750000000001,0.0,0.8092482368171572,0.0,100
synthetic_noisy_verifier_M1,1,MistralSmall119B,2,0.7306119791666668,0.7306119791666668,0.0,0.8092482368171572,0.0,100
synthetic_noisy_verifier_M1,1,MistralSmall119B,4,0.7469020758734808,0.7469020758734808,0.0,0.8092482368171572,0.0,100
synthetic_noisy_verifier_M1,1,MistralSmall119B,8,0.7599176285423799,0.7599176285423799,0.0,0.8092482368171572,0.0,100
synthetic_noisy_verifier_M1,1,MistralSmall119B,16,0.7695492583534366,0.7695492583534366,0.0,0.8092482368171572,0.0,100
synthetic_noisy_verifier_M1,1,MistralSmall119B,32,0.7749190678366498,0.7749190678366498,0.0,0.8092482368171572,0.0,100
synthetic_noisy_verifier_M1,1,MistralSmall119B,48,0.7756720141780231,0.7756720141780231,0.0,0.8092482368171572,0.0,100
synthetic_noisy_verifier_M1,1,Mixtral8x22B,1,0.44375,0.44375,0.0,0.8601402675230677,0.0,100
synthetic_noisy_verifier_M1,1,Mixtral8x22B,2,0.5072482638888889,0.5072482638888889,0.0,0.8601402675230677,0.0,100
synthetic_noisy_verifier_M1,1,Mixtral8x22B,4,0.5593496628749517,0.5593496628749517,0.0,0.8601402675230677,0.0,100
synthetic_noisy_verifier_M1,1,Mixtral8x22B,8,0.6030133119760839,0.6030133119760839,0.0,0.8601402675230677,0.0,100
synthetic_noisy_verifier_M1,1,Mixtral8x22B,16,0.6394248517693107,0.6394248517693107,0.0,0.8601402675230677,0.0,100
synthetic_noisy_verifier_M1,1,Mixtral8x22B,32,0.6694285805496508,0.6694285805496508,0.0,0.8601402675230677,0.0,100
synthetic_noisy_verifier_M1,1,Mixtral8x22B,48,0.6839224995908597,0.6839224995908597,0.0,0.8601402675230677,0.0,100
synthetic_noisy_verifier_M1,1,Mixtral8x7B,1,0.23979166666666665,0.23979166666666665,0.0,0.8427996493279986,0.0,100
synthetic_noisy_verifier_M1,1,Mixtral8x7B,2,0.30531684027777783,0.30531684027777783,0.0,0.8427996493279986,0.0,100
synthetic_noisy_verifier_M1,1,Mixtral8x7B,4,0.3686682373800395,0.3686682373800395,0.0,0.8427996493279986,0.0,100
synthetic_noisy_verifier_M1,1,Mixtral8x7B,8,0.42516131127313256,0.42516131127313256,0.0,0.8427996493279986,0.0,100
synthetic_noisy_verifier_M1,1,Mixtral8x7B,16,0.4712604425551282,0.4712604425551282,0.0,0.8427996493279986,0.0,100
synthetic_noisy_verifier_M1,1,Mixtral8x7B,32,0.5083148289267574,0.5083148289267574,0.0,0.8427996493279986,0.0,100
synthetic_noisy_verifier_M1,1,Mixtral8x7B,48,0.5263505604256402,0.5263505604256402,0.0,0.8427996493279986,0.0,100
synthetic_noisy_verifier_M1,1,Qwen122B,1,0.7802083333333333,0.7802083333333333,0.0,0.8456075297817665,0.0,100
synthetic_noisy_verifier_M1,1,Qwen122B,2,0.7941015625000002,0.7941015625000002,0.0,0.8456075297817665,0.0,100
synthetic_noisy_verifier_M1,1,Qwen122B,4,0.806209146005136,0.806209146005136,0.0,0.8456075297817665,0.0,100
synthetic_noisy_verifier_M1,1,Qwen122B,8,0.8159376144266639,0.8159376144266639,0.0,0.8456075297817665,0.0,100
synthetic_noisy_verifier_M1,1,Qwen122B,16,0.8214792989177166,0.8214792989177166,0.0,0.8456075297817665,0.0,100
synthetic_noisy_verifier_M1,1,Qwen122B,32,0.8218596167151199,0.8218596167151199,0.0,0.8456075297817665,0.0,100
synthetic_noisy_verifier_M1,1,Qwen122B,48,0.8196745458167055,0.8196745458167055,0.0,0.8456075297817665,0.0,100
synthetic_noisy_verifier_M1,1,Qwen397B,1,0.75625,0.75625,0.0,0.8506593997959068,0.0,100
synthetic_noisy_verifier_M1,1,Qwen397B,2,0.7715538194444445,0.7715538194444445,0.0,0.8506593997959068,0.0,100
synthetic_noisy_verifier_M1,1,Qwen397B,4,0.7835536664797936,0.7835536664797936,0.0,0.8506593997959068,0.0,100
synthetic_noisy_verifier_M1,1,Qwen397B,8,0.7929454637968469,0.7929454637968469,0.0,0.8506593997959068,0.0,100
synthetic_noisy_verifier_M1,1,Qwen397B,16,0.8016160469865666,0.8016160469865666,0.0,0.8506593997959068,0.0,100
synthetic_noisy_verifier_M1,1,Qwen397B,32,0.8129887720552604,0.8129887720552604,0.0,0.8506593997959068,0.0,100
synthetic_noisy_verifier_M1,1,Qwen397B,48,0.8209125785265209,0.8209125785265209,0.0,0.8506593997959068,0.0,100
synthetic_noisy_verifier_M1,1,QwenNext80B,1,0.7625,0.7625,0.0,0.7911955646740535,0.0,100
synthetic_noisy_verifier_M1,1,QwenNext80B,2,0.7808072916666666,0.7808072916666666,0.0,0.7911955646740535,0.0,100
synthetic_noisy_verifier_M1,1,QwenNext80B,4,0.795159787778501,0.795159787778501,0.0,0.7911955646740535,0.0,100
synthetic_noisy_verifier_M1,1,QwenNext80B,8,0.8071458420427269,0.8071458420427269,0.0,0.7911955646740535,0.0,100
synthetic_noisy_verifier_M1,1,QwenNext80B,16,0.8170684196837802,0.8170684196837802,0.0,0.7911955646740535,0.0,100
synthetic_noisy_verifier_M1,1,QwenNext80B,32,0.8230976427472225,0.8230976427472225,0.0,0.7911955646740535,0.0,100
synthetic_noisy_verifier_M1,1,QwenNext80B,48,0.8240716634407969,0.8240716634407969,0.0,0.7911955646740535,0.0,100
synthetic_noisy_verifier_M1,1,Stockmark100B,1,0.5735416666666667,0.5735416666666667,0.0,0.811209962988377,0.0,100
synthetic_noisy_verifier_M1,1,Stockmark100B,2,0.6199088541666666,0.6199088541666666,0.0,0.811209962988377,0.0,100
synthetic_noisy_verifier_M1,1,Stockmark100B,4,0.6542982595938224,0.6542982595938224,0.0,0.811209962988377,0.0,100
synthetic_noisy_verifier_M1,1,Stockmark100B,8,0.6828361914926281,0.6828361914926281,0.0,0.811209962988377,0.0,100
synthetic_noisy_verifier_M1,1,Stockmark100B,16,0.7094073609483492,0.7094073609483492,0.0,0.811209962988377,0.0,100
synthetic_noisy_verifier_M1,1,Stockmark100B,32,0.7314033428106614,0.7314033428106614,0.0,0.811209962988377,0.0,100
synthetic_noisy_verifier_M1,1,Stockmark100B,48,0.7400639749019251,0.7400639749019251,0.0,0.811209962988377,0.0,100
synthetic_noisy_verifier_M1,1,Super120B,1,0.6970833333333333,0.6970833333333333,0.0,0.8417228198769672,0.0,100
synthetic_noisy_verifier_M1,1,Super120B,2,0.7282638888888888,0.7282638888888888,0.0,0.8417228198769672,0.0,100
synthetic_noisy_verifier_M1,1,Super120B,4,0.7537136652440201,0.7537136652440201,0.0,0.8417228198769672,0.0,100
synthetic_noisy_verifier_M1,1,Super120B,8,0.7715708646834756,0.7715708646834756,0.0,0.8417228198769672,0.0,100
synthetic_noisy_verifier_M1,1,Super120B,16,0.7814884165410557,0.7814884165410557,0.0,0.8417228198769672,0.0,100
synthetic_noisy_verifier_M1,1,Super120B,32,0.7855549293200076,0.7855549293200076,0.0,0.8417228198769672,0.0,100
synthetic_noisy_verifier_M1,1,Super120B,48,0.786734240717422,0.786734240717422,0.0,0.8417228198769672,0.0,100
synthetic_noisy_verifier_M1,1,Super49B,1,0.6654166666666668,0.6654166666666668,0.0,0.8226024402977249,0.0,100
synthetic_noisy_verifier_M1,1,Super49B,2,0.6954861111111111,0.6954861111111111,0.0,0.8226024402977249,0.0,100
synthetic_noisy_verifier_M1,1,Super49B,4,0.7199721574194636,0.7199721574194636,0.0,0.8226024402977249,0.0,100
synthetic_noisy_verifier_M1,1,Super49B,8,0.7404631317677233,0.7404631317677233,0.0,0.8226024402977249,0.0,100
synthetic_noisy_verifier_M1,1,Super49B,16,0.759284148306717,0.759284148306717,0.0,0.8226024402977249,0.0,100
synthetic_noisy_verifier_M1,1,Super49B,32,0.7752557500318075,0.7752557500318075,0.0,0.8226024402977249,0.0,100
synthetic_noisy_verifier_M1,1,Super49B,48,0.7829379476024108,0.7829379476024108,0.0,0.8226024402977249,0.0,100
synthetic_noisy_verifier_M1,1,Ultra253B,1,0.8761160714285714,0.8761160714285714,0.0,0.8353422619047619,0.0,56
synthetic_noisy_verifier_M1,1,Ultra253B,2,0.8859514508928571,0.8859514508928571,0.0,0.8353422619047619,0.0,56
synthetic_noisy_verifier_M1,1,Ultra253B,4,0.8888541630336216,0.8888541630336216,0.0,0.8353422619047619,0.0,56
synthetic_noisy_verifier_M1,1,Ultra253B,8,0.8907315169469386,0.8907315169469386,0.0,0.8353422619047619,0.0,56
synthetic_noisy_verifier_M1,1,Ultra253B,16,0.8923569284399738,0.8923569284399738,0.0,0.8353422619047619,0.0,56
synthetic_noisy_verifier_M1,1,Ultra253B,32,0.8928355951782201,0.8928355951782201,0.0,0.8353422619047619,0.0,56
synthetic_noisy_verifier_M1,1,Ultra253B,48,0.8928563223893623,0.8928563223893623,0.0,0.8353422619047619,0.0,56
synthetic_noisy_verifier_M2,2,3B,1,0.37962962962962965,0.37962962962962965,0.0,0.9164452896548694,0.0,99
synthetic_noisy_verifier_M2,2,3B,2,0.47511574074074076,0.47511574074074076,0.0,0.9164452896548694,0.0,99
synthetic_noisy_verifier_M2,2,3B,4,0.5548564255839646,0.5548564255839646,0.0,0.9164452896548694,0.0,99
synthetic_noisy_verifier_M2,2,3B,8,0.6179325913720513,0.6179325913720513,0.0,0.9164452896548694,0.0,99
synthetic_noisy_verifier_M2,2,3B,16,0.66606557007928,0.66606557007928,0.0,0.9164452896548694,0.0,99
synthetic_noisy_verifier_M2,2,3B,32,0.7053812197816727,0.7053812197816727,0.0,0.9164452896548694,0.0,99
synthetic_noisy_verifier_M2,2,3B,48,0.7259892593837873,0.7259892593837873,0.0,0.9164452896548694,0.0,99
synthetic_noisy_verifier_M2,2,70B,1,0.6716666666666667,0.6716666666666667,0.0,0.9154937953600786,0.0,100
synthetic_noisy_verifier_M2,2,70B,2,0.7176736111111112,0.7176736111111112,0.0,0.9154937953600786,0.0,100
synthetic_noisy_verifier_M2,2,70B,4,0.749683076834973,0.749683076834973,0.0,0.9154937953600786,0.0,100
synthetic_noisy_verifier_M2,2,70B,8,0.7731669437863326,0.7731669437863326,0.0,0.9154937953600786,0.0,100
synthetic_noisy_verifier_M2,2,70B,16,0.793343985597444,0.793343985597444,0.0,0.9154937953600786,0.0,100
synthetic_noisy_verifier_M2,2,70B,32,0.8108903198524097,0.8108903198524097,0.0,0.9154937953600786,0.0,100
synthetic_noisy_verifier_M2,2,70B,48,0.8188244869306744,0.8188244869306744,0.0,0.9154937953600786,0.0,100
synthetic_noisy_verifier_M2,2,8B,1,0.39604166666666674,0.39604166666666674,0.0,0.9079442249470159,0.0,100
synthetic_noisy_verifier_M2,2,8B,2,0.4983203124999999,0.4983203124999999,0.0,0.9079442249470159,0.0,100
synthetic_noisy_verifier_M2,2,8B,4,0.5838494816532842,0.5838494816532842,0.0,0.9079442249470159,0.0,100
synthetic_noisy_verifier_M2,2,8B,8,0.64604857330138,0.64604857330138,0.0,0.9079442249470159,0.0,100
synthetic_noisy_verifier_M2,2,8B,16,0.6878371546837064,0.6878371546837064,0.0,0.9079442249470159,0.0,100
synthetic_noisy_verifier_M2,2,8B,32,0.7166361384837026,0.7166361384837026,0.0,0.9079442249470159,0.0,100
synthetic_noisy_verifier_M2,2,8B,48,0.7294877204309969,0.7294877204309969,0.0,0.9079442249470159,0.0,100
synthetic_noisy_verifier_M2,2,Dracarys70B,1,0.55,0.55,0.0,0.9005804803461156,0.0,100
synthetic_noisy_verifier_M2,2,Dracarys70B,2,0.6198784722222221,0.6198784722222221,0.0,0.9005804803461156,0.0,100
synthetic_noisy_verifier_M2,2,Dracarys70B,4,0.6715200165171683,0.6715200165171683,0.0,0.9005804803461156,0.0,100
synthetic_noisy_verifier_M2,2,Dracarys70B,8,0.7103346604191113,0.7103346604191113,0.0,0.9005804803461156,0.0,100
synthetic_noisy_verifier_M2,2,Dracarys70B,16,0.7395770754164376,0.7395770754164376,0.0,0.9005804803461156,0.0,100
synthetic_noisy_verifier_M2,2,Dracarys70B,32,0.7596895331563257,0.7596895331563257,0.0,0.9005804803461156,0.0,100
synthetic_noisy_verifier_M2,2,Dracarys70B,48,0.767576089170753,0.767576089170753,0.0,0.9005804803461156,0.0,100
synthetic_noisy_verifier_M2,2,GLM5,1,0.7966666666666665,0.7966666666666665,0.0,0.9232774401293915,0.0,100
synthetic_noisy_verifier_M2,2,GLM5,2,0.8465277777777778,0.8465277777777778,0.0,0.9232774401293915,0.0,100
synthetic_noisy_verifier_M2,2,GLM5,4,0.8805122733410493,0.8805122733410493,0.0,0.9232774401293915,0.0,100
synthetic_noisy_verifier_M2,2,GLM5,8,0.9000861338251823,0.9000861338251823,0.0,0.9232774401293915,0.0,100
synthetic_noisy_verifier_M2,2,GLM5,16,0.9107615551651836,0.9107615551651836,0.0,0.9232774401293915,0.0,100
synthetic_noisy_verifier_M2,2,GLM5,32,0.9177234721058776,0.9177234721058776,0.0,0.9232774401293915,0.0,100
synthetic_noisy_verifier_M2,2,GLM5,48,0.9210398864712218,0.9210398864712218,0.0,0.9232774401293915,0.0,100
synthetic_noisy_verifier_M2,2,Gemma3n2B,1,0.65375,0.65375,0.0,0.9228748013977552,0.0,100
synthetic_noisy_verifier_M2,2,Gemma3n2B,2,0.7086892361111111,0.7086892361111111,0.0,0.9228748013977552,0.0,100
synthetic_noisy_verifier_M2,2,Gemma3n2B,4,0.7478374754352335,0.7478374754352335,0.0,0.9228748013977552,0.0,100
synthetic_noisy_verifier_M2,2,Gemma3n2B,8,0.7761532271516668,0.7761532271516668,0.0,0.9228748013977552,0.0,100
synthetic_noisy_verifier_M2,2,Gemma3n2B,16,0.7972768608022427,0.7972768608022427,0.0,0.9228748013977552,0.0,100
synthetic_noisy_verifier_M2,2,Gemma3n2B,32,0.8113703200329792,0.8113703200329792,0.0,0.9228748013977552,0.0,100
synthetic_noisy_verifier_M2,2,Gemma3n2B,48,0.8160626258196838,0.8160626258196838,0.0,0.9228748013977552,0.0,100
synthetic_noisy_verifier_M2,2,Gemma3n4B,1,0.72875,0.72875,0.0,0.9401758625131938,0.0,100
synthetic_noisy_verifier_M2,2,Gemma3n4B,2,0.7635763888888889,0.7635763888888889,0.0,0.9401758625131938,0.0,100
synthetic_noisy_verifier_M2,2,Gemma3n4B,4,0.7903324984326775,0.7903324984326775,0.0,0.9401758625131938,0.0,100
synthetic_noisy_verifier_M2,2,Gemma3n4B,8,0.8120839693153898,0.8120839693153898,0.0,0.9401758625131938,0.0,100
synthetic_noisy_verifier_M2,2,Gemma3n4B,16,0.8303291763180708,0.8303291763180708,0.0,0.9401758625131938,0.0,100
synthetic_noisy_verifier_M2,2,Gemma3n4B,32,0.8464707565383753,0.8464707565383753,0.0,0.9401758625131938,0.0,100
synthetic_noisy_verifier_M2,2,Gemma3n4B,48,0.8536020345201791,0.8536020345201791,0.0,0.9401758625131938,0.0,100
synthetic_noisy_verifier_M2,2,KimiK2,1,0.7314583333333333,0.7314583333333333,0.0,0.8712486684510812,0.0,100
synthetic_noisy_verifier_M2,2,KimiK2,2,0.7637803819444443,0.7637803819444443,0.0,0.8712486684510812,0.0,100
synthetic_noisy_verifier_M2,2,KimiK2,4,0.7916070236394436,0.7916070236394436,0.0,0.8712486684510812,0.0,100
synthetic_noisy_verifier_M2,2,KimiK2,8,0.812938434456213,0.812938434456213,0.0,0.8712486684510812,0.0,100
synthetic_noisy_verifier_M2,2,KimiK2,16,0.8283586583458385,0.8283586583458385,0.0,0.8712486684510812,0.0,100
synthetic_noisy_verifier_M2,2,KimiK2,32,0.8392008267677653,0.8392008267677653,0.0,0.8712486684510812,0.0,100
synthetic_noisy_verifier_M2,2,KimiK2,48,0.8438788131552303,0.8438788131552303,0.0,0.8712486684510812,0.0,100
synthetic_noisy_verifier_M2,2,Maverick17B,1,0.7929166666666667,0.7929166666666667,0.0,0.9034454587936459,0.0,100
synthetic_noisy_verifier_M2,2,Maverick17B,2,0.8176562499999999,0.8176562499999999,0.0,0.9034454587936459,0.0,100
synthetic_noisy_verifier_M2,2,Maverick17B,4,0.8367046893084491,0.8367046893084491,0.0,0.9034454587936459,0.0,100
synthetic_noisy_verifier_M2,2,Maverick17B,8,0.8530603876343287,0.8530603876343287,0.0,0.9034454587936459,0.0,100
synthetic_noisy_verifier_M2,2,Maverick17B,16,0.8677670241068816,0.8677670241068816,0.0,0.9034454587936459,0.0,100
synthetic_noisy_verifier_M2,2,Maverick17B,32,0.880103119227093,0.880103119227093,0.0,0.9034454587936459,0.0,100
synthetic_noisy_verifier_M2,2,Maverick17B,48,0.8853149731130412,0.8853149731130412,0.0,0.9034454587936459,0.0,100
synthetic_noisy_verifier_M2,2,MiniMax,1,0.653125,0.653125,0.0,0.9092544024613332,0.0,100
synthetic_noisy_verifier_M2,2,MiniMax,2,0.6879904513888888,0.6879904513888888,0.0,0.9092544024613332,0.0,100
synthetic_noisy_verifier_M2,2,MiniMax,4,0.7143325786826051,0.7143325786826051,0.0,0.9092544024613332,0.0,100
synthetic_noisy_verifier_M2,2,MiniMax,8,0.7337670369327869,0.7337670369327869,0.0,0.9092544024613332,0.0,100
synthetic_noisy_verifier_M2,2,MiniMax,16,0.7488138632049326,0.7488138632049326,0.0,0.9092544024613332,0.0,100
synthetic_noisy_verifier_M2,2,MiniMax,32,0.7604500275789503,0.7604500275789503,0.0,0.9092544024613332,0.0,100
synthetic_noisy_verifier_M2,2,MiniMax,48,0.7663026684045045,0.7663026684045045,0.0,0.9092544024613332,0.0,100
synthetic_noisy_verifier_M2,2,Ministral14B,1,0.668125,0.668125,0.0,0.9223784927362753,0.0,100
synthetic_noisy_verifier_M2,2,Ministral14B,2,0.6977473958333335,0.6977473958333335,0.0,0.9223784927362753,0.0,100
synthetic_noisy_verifier_M2,2,Ministral14B,4,0.7168243351689091,0.7168243351689091,0.0,0.9223784927362753,0.0,100
synthetic_noisy_verifier_M2,2,Ministral14B,8,0.7309339350180337,0.7309339350180337,0.0,0.9223784927362753,0.0,100
synthetic_noisy_verifier_M2,2,Ministral14B,16,0.7423044550423248,0.7423044550423248,0.0,0.9223784927362753,0.0,100
synthetic_noisy_verifier_M2,2,Ministral14B,32,0.7510125898337676,0.7510125898337676,0.0,0.9223784927362753,0.0,100
synthetic_noisy_verifier_M2,2,Ministral14B,48,0.7546557738477676,0.7546557738477676,0.0,0.9223784927362753,0.0,100
synthetic_noisy_verifier_M2,2,MistralLarge675B,1,0.715625,0.715625,0.0,0.8935649064498428,0.0,100
synthetic_noisy_verifier_M2,2,MistralLarge675B,2,0.7344661458333335,0.7344661458333335,0.0,0.8935649064498428,0.0,100
synthetic_noisy_verifier_M2,2,MistralLarge675B,4,0.7501111913610389,0.7501111913610389,0.0,0.8935649064498428,0.0,100
synthetic_noisy_verifier_M2,2,MistralLarge675B,8,0.7627536304054834,0.7627536304054834,0.0,0.8935649064498428,0.0,100
synthetic_noisy_verifier_M2,2,MistralLarge675B,16,0.77012872158644,0.77012872158644,0.0,0.8935649064498428,0.0,100
synthetic_noisy_verifier_M2,2,MistralLarge675B,32,0.7726388321477543,0.7726388321477543,0.0,0.8935649064498428,0.0,100
synthetic_noisy_verifier_M2,2,MistralLarge675B,48,0.7725326065360324,0.7725326065360324,0.0,0.8935649064498428,0.0,100
synthetic_noisy_verifier_M2,2,MistralNemotron,1,0.7254166666666667,0.7254166666666667,0.0,0.8949804747535972,0.0,100
synthetic_noisy_verifier_M2,2,MistralNemotron,2,0.750720486111111,0.750720486111111,0.0,0.8949804747535972,0.0,100
synthetic_noisy_verifier_M2,2,MistralNemotron,4,0.7697047895266685,0.7697047895266685,0.0,0.8949804747535972,0.0,100
synthetic_noisy_verifier_M2,2,MistralNemotron,8,0.786897229141179,0.786897229141179,0.0,0.8949804747535972,0.0,100
synthetic_noisy_verifier_M2,2,MistralNemotron,16,0.8040139712541584,0.8040139712541584,0.0,0.8949804747535972,0.0,100
synthetic_noisy_verifier_M2,2,MistralNemotron,32,0.8199548689326687,0.8199548689326687,0.0,0.8949804747535972,0.0,100
synthetic_noisy_verifier_M2,2,MistralNemotron,48,0.827805307750769,0.827805307750769,0.0,0.8949804747535972,0.0,100
synthetic_noisy_verifier_M2,2,MistralSmall119B,1,0.7093750000000001,0.7093750000000001,0.0,0.9154914382219321,0.0,100
synthetic_noisy_verifier_M2,2,MistralSmall119B,2,0.7370963541666667,0.7370963541666667,0.0,0.9154914382219321,0.0,100
synthetic_noisy_verifier_M2,2,MistralSmall119B,4,0.7576172157570167,0.7576172157570167,0.0,0.9154914382219321,0.0,100
synthetic_noisy_verifier_M2,2,MistralSmall119B,8,0.7723312537171849,0.7723312537171849,0.0,0.9154914382219321,0.0,100
synthetic_noisy_verifier_M2,2,MistralSmall119B,16,0.7839445007752898,0.7839445007752898,0.0,0.9154914382219321,0.0,100
synthetic_noisy_verifier_M2,2,MistralSmall119B,32,0.7931801724130392,0.7931801724130392,0.0,0.9154914382219321,0.0,100
synthetic_noisy_verifier_M2,2,MistralSmall119B,48,0.7967183904031654,0.7967183904031654,0.0,0.9154914382219321,0.0,100
synthetic_noisy_verifier_M2,2,Mixtral8x22B,1,0.44375,0.44375,0.0,0.9137565357040522,0.0,100
synthetic_noisy_verifier_M2,2,Mixtral8x22B,2,0.5191579861111111,0.5191579861111111,0.0,0.9137565357040522,0.0,100
synthetic_noisy_verifier_M2,2,Mixtral8x22B,4,0.5824948647581502,0.5824948647581502,0.0,0.9137565357040522,0.0,100
synthetic_noisy_verifier_M2,2,Mixtral8x22B,8,0.639857804303695,0.639857804303695,0.0,0.9137565357040522,0.0,100
synthetic_noisy_verifier_M2,2,Mixtral8x22B,16,0.688380618039593,0.688380618039593,0.0,0.9137565357040522,0.0,100
synthetic_noisy_verifier_M2,2,Mixtral8x22B,32,0.721935230914625,0.721935230914625,0.0,0.9137565357040522,0.0,100
synthetic_noisy_verifier_M2,2,Mixtral8x22B,48,0.7342042324494098,0.7342042324494098,0.0,0.9137565357040522,0.0,100
synthetic_noisy_verifier_M2,2,Mixtral8x7B,1,0.23979166666666665,0.23979166666666665,0.0,0.9160941205251415,0.0,100
synthetic_noisy_verifier_M2,2,Mixtral8x7B,2,0.32094184027777783,0.32094184027777783,0.0,0.9160941205251415,0.0,100
synthetic_noisy_verifier_M2,2,Mixtral8x7B,4,0.40311222971221544,0.40311222971221544,0.0,0.9160941205251415,0.0,100
synthetic_noisy_verifier_M2,2,Mixtral8x7B,8,0.4805962331455705,0.4805962331455705,0.0,0.9160941205251415,0.0,100
synthetic_noisy_verifier_M2,2,Mixtral8x7B,16,0.5462859198419401,0.5462859198419401,0.0,0.9160941205251415,0.0,100
synthetic_noisy_verifier_M2,2,Mixtral8x7B,32,0.595259000272314,0.595259000272314,0.0,0.9160941205251415,0.0,100
synthetic_noisy_verifier_M2,2,Mixtral8x7B,48,0.6159991669274291,0.6159991669274291,0.0,0.9160941205251415,0.0,100
synthetic_noisy_verifier_M2,2,Qwen122B,1,0.7802083333333333,0.7802083333333333,0.0,0.9208618108694844,0.0,100
synthetic_noisy_verifier_M2,2,Qwen122B,2,0.7966189236111112,0.7966189236111112,0.0,0.9208618108694844,0.0,100
synthetic_noisy_verifier_M2,2,Qwen122B,4,0.8095434815206646,0.8095434815206646,0.0,0.9208618108694844,0.0,100
synthetic_noisy_verifier_M2,2,Qwen122B,8,0.8207582071091929,0.8207582071091929,0.0,0.9208618108694844,0.0,100
synthetic_noisy_verifier_M2,2,Qwen122B,16,0.8319893019667502,0.8319893019667502,0.0,0.9208618108694844,0.0,100
synthetic_noisy_verifier_M2,2,Qwen122B,32,0.8418923884017815,0.8418923884017815,0.0,0.9208618108694844,0.0,100
synthetic_noisy_verifier_M2,2,Qwen122B,48,0.846043919912678,0.846043919912678,0.0,0.9208618108694844,0.0,100
synthetic_noisy_verifier_M2,2,Qwen397B,1,0.75625,0.75625,0.0,0.9160914575851564,0.0,100
synthetic_noisy_verifier_M2,2,Qwen397B,2,0.7760416666666665,0.7760416666666665,0.0,0.9160914575851564,0.0,100
synthetic_noisy_verifier_M2,2,Qwen397B,4,0.793224464699074,0.793224464699074,0.0,0.9160914575851564,0.0,100
synthetic_noisy_verifier_M2,2,Qwen397B,8,0.8087663364734723,0.8087663364734723,0.0,0.9160914575851564,0.0,100
synthetic_noisy_verifier_M2,2,Qwen397B,16,0.8212563414991502,0.8212563414991502,0.0,0.9160914575851564,0.0,100
synthetic_noisy_verifier_M2,2,Qwen397B,32,0.8288620089999884,0.8288620089999884,0.0,0.9160914575851564,0.0,100
synthetic_noisy_verifier_M2,2,Qwen397B,48,0.8308060627705222,0.8308060627705222,0.0,0.9160914575851564,0.0,100
synthetic_noisy_verifier_M2,2,QwenNext80B,1,0.7625,0.7625,0.0,0.8931874726043545,0.0,100
synthetic_noisy_verifier_M2,2,QwenNext80B,2,0.7859895833333332,0.7859895833333332,0.0,0.8931874726043545,0.0,100
synthetic_noisy_verifier_M2,2,QwenNext80B,4,0.8026854112413194,0.8026854112413194,0.0,0.8931874726043545,0.0,100
synthetic_noisy_verifier_M2,2,QwenNext80B,8,0.8158585678802818,0.8158585678802818,0.0,0.8931874726043545,0.0,100
synthetic_noisy_verifier_M2,2,QwenNext80B,16,0.8276053995001001,0.8276053995001001,0.0,0.8931874726043545,0.0,100
synthetic_noisy_verifier_M2,2,QwenNext80B,32,0.8389956202489941,0.8389956202489941,0.0,0.8931874726043545,0.0,100
synthetic_noisy_verifier_M2,2,QwenNext80B,48,0.8445028096956254,0.8445028096956254,0.0,0.8931874726043545,0.0,100
synthetic_noisy_verifier_M2,2,Stockmark100B,1,0.5735416666666667,0.5735416666666667,0.0,0.924875392904927,0.0,100
synthetic_noisy_verifier_M2,2,Stockmark100B,2,0.6361848958333333,0.6361848958333333,0.0,0.924875392904927,0.0,100
synthetic_noisy_verifier_M2,2,Stockmark100B,4,0.6825040859646266,0.6825040859646266,0.0,0.924875392904927,0.0,100
synthetic_noisy_verifier_M2,2,Stockmark100B,8,0.7184286158918433,0.7184286158918433,0.0,0.924875392904927,0.0,100
synthetic_noisy_verifier_M2,2,Stockmark100B,16,0.7479796787363036,0.7479796787363036,0.0,0.924875392904927,0.0,100
synthetic_noisy_verifier_M2,2,Stockmark100B,32,0.7713436165099263,0.7713436165099263,0.0,0.924875392904927,0.0,100
synthetic_noisy_verifier_M2,2,Stockmark100B,48,0.7805472544512972,0.7805472544512972,0.0,0.924875392904927,0.0,100
synthetic_noisy_verifier_M2,2,Super120B,1,0.6970833333333333,0.6970833333333333,0.0,0.9199274197572199,0.0,100
synthetic_noisy_verifier_M2,2,Super120B,2,0.7355381944444445,0.7355381944444445,0.0,0.9199274197572199,0.0,100
synthetic_noisy_verifier_M2,2,Super120B,4,0.7670931290991513,0.7670931290991513,0.0,0.9199274197572199,0.0,100
synthetic_noisy_verifier_M2,2,Super120B,8,0.7921559333020497,0.7921559333020497,0.0,0.9199274197572199,0.0,100
synthetic_noisy_verifier_M2,2,Super120B,16,0.81289786357038,0.81289786357038,0.0,0.9199274197572199,0.0,100
synthetic_noisy_verifier_M2,2,Super120B,32,0.8302665309124165,0.8302665309124165,0.0,0.9199274197572199,0.0,100
synthetic_noisy_verifier_M2,2,Super120B,48,0.838261538547491,0.838261538547491,0.0,0.9199274197572199,0.0,100
synthetic_noisy_verifier_M2,2,Super49B,1,0.6654166666666668,0.6654166666666668,0.0,0.9088178521327585,0.0,100
synthetic_noisy_verifier_M2,2,Super49B,2,0.70359375,0.70359375,0.0,0.9088178521327585,0.0,100
synthetic_noisy_verifier_M2,2,Super49B,4,0.7345534713179976,0.7345534713179976,0.0,0.9088178521327585,0.0,100
synthetic_noisy_verifier_M2,2,Super49B,8,0.7598201317215064,0.7598201317215064,0.0,0.9088178521327585,0.0,100
synthetic_noisy_verifier_M2,2,Super49B,16,0.7800084827565774,0.7800084827565774,0.0,0.9088178521327585,0.0,100
synthetic_noisy_verifier_M2,2,Super49B,32,0.796810534531613,0.796810534531613,0.0,0.9088178521327585,0.0,100
synthetic_noisy_verifier_M2,2,Super49B,48,0.805264944671101,0.805264944671101,0.0,0.9088178521327585,0.0,100
synthetic_noisy_verifier_M2,2,Ultra253B,1,0.8761160714285714,0.8761160714285714,0.0,0.9600389194139194,0.0,56
synthetic_noisy_verifier_M2,2,Ultra253B,2,0.8888811383928571,0.8888811383928571,0.0,0.9600389194139194,0.0,56
synthetic_noisy_verifier_M2,2,Ultra253B,4,0.8918051038469587,0.8918051038469587,0.0,0.9600389194139194,0.0,56
synthetic_noisy_verifier_M2,2,Ultra253B,8,0.8926200217226453,0.8926200217226453,0.0,0.9600389194139194,0.0,56
synthetic_noisy_verifier_M2,2,Ultra253B,16,0.8928492562696783,0.8928492562696783,0.0,0.9600389194139194,0.0,56
synthetic_noisy_verifier_M2,2,Ultra253B,32,0.8928571377895912,0.8928571377895912,0.0,0.9600389194139194,0.0,56
synthetic_noisy_verifier_M2,2,Ultra253B,48,0.8928571428543162,0.8928571428543162,0.0,0.9600389194139194,0.0,56
synthetic_noisy_verifier_M4,4,3B,1,0.37962962962962965,0.37962962962962965,0.0,0.9743284579992195,0.0,99
synthetic_noisy_verifier_M4,4,3B,2,0.48896955667789,0.48896955667789,0.0,0.9743284579992195,0.0,99
synthetic_noisy_verifier_M4,4,3B,4,0.5843531052836428,0.5843531052836428,0.0,0.9743284579992195,0.0,99
synthetic_noisy_verifier_M4,4,3B,8,0.6598883706516946,0.6598883706516946,0.0,0.9743284579992195,0.0,99
synthetic_noisy_verifier_M4,4,3B,16,0.7158425060690969,0.7158425060690969,0.0,0.9743284579992195,0.0,99
synthetic_noisy_verifier_M4,4,3B,32,0.7550976336166094,0.7550976336166094,0.0,0.9743284579992195,0.0,99
synthetic_noisy_verifier_M4,4,3B,48,0.7704875287133247,0.7704875287133247,0.0,0.9743284579992195,0.0,99
synthetic_noisy_verifier_M4,4,70B,1,0.6716666666666667,0.6716666666666667,0.0,0.9763557023090405,0.0,100
synthetic_noisy_verifier_M4,4,70B,2,0.7242881944444446,0.7242881944444446,0.0,0.9763557023090405,0.0,100
synthetic_noisy_verifier_M4,4,70B,4,0.7599317837938852,0.7599317837938852,0.0,0.9763557023090405,0.0,100
synthetic_noisy_verifier_M4,4,70B,8,0.7848482943754904,0.7848482943754904,0.0,0.9763557023090405,0.0,100
synthetic_noisy_verifier_M4,4,70B,16,0.8046337481613703,0.8046337481613703,0.0,0.9763557023090405,0.0,100
synthetic_noisy_verifier_M4,4,70B,32,0.8215632364797756,0.8215632364797756,0.0,0.9763557023090405,0.0,100
synthetic_noisy_verifier_M4,4,70B,48,0.8301741793583186,0.8301741793583186,0.0,0.9763557023090405,0.0,100
synthetic_noisy_verifier_M4,4,8B,1,0.39604166666666674,0.39604166666666674,0.0,0.9705957181925979,0.0,100
synthetic_noisy_verifier_M4,4,8B,2,0.5108897569444445,0.5108897569444445,0.0,0.9705957181925979,0.0,100
synthetic_noisy_verifier_M4,4,8B,4,0.6081923214005835,0.6081923214005835,0.0,0.9705957181925979,0.0,100
synthetic_noisy_verifier_M4,4,8B,8,0.6812067287242123,0.6812067287242123,0.0,0.9705957181925979,0.0,100
synthetic_noisy_verifier_M4,4,8B,16,0.732803679958449,0.732803679958449,0.0,0.9705957181925979,0.0,100
synthetic_noisy_verifier_M4,4,8B,32,0.7656276812408446,0.7656276812408446,0.0,0.9705957181925979,0.0,100
synthetic_noisy_verifier_M4,4,8B,48,0.7770383842056148,0.7770383842056148,0.0,0.9705957181925979,0.0,100
synthetic_noisy_verifier_M4,4,Dracarys70B,1,0.55,0.55,0.0,0.9723513158407531,0.0,100
synthetic_noisy_verifier_M4,4,Dracarys70B,2,0.6321788194444445,0.6321788194444445,0.0,0.9723513158407531,0.0,100
synthetic_noisy_verifier_M4,4,Dracarys70B,4,0.690822230209539,0.690822230209539,0.0,0.9723513158407531,0.0,100
synthetic_noisy_verifier_M4,4,Dracarys70B,8,0.730805026718053,0.730805026718053,0.0,0.9723513158407531,0.0,100
synthetic_noisy_verifier_M4,4,Dracarys70B,16,0.7578729908570382,0.7578729908570382,0.0,0.9723513158407531,0.0,100
synthetic_noisy_verifier_M4,4,Dracarys70B,32,0.7754117260950867,0.7754117260950867,0.0,0.9723513158407531,0.0,100
synthetic_noisy_verifier_M4,4,Dracarys70B,48,0.7820053255515056,0.7820053255515056,0.0,0.9723513158407531,0.0,100
synthetic_noisy_verifier_M4,4,GLM5,1,0.7966666666666665,0.7966666666666665,0.0,0.9701869791167476,0.0,100
synthetic_noisy_verifier_M4,4,GLM5,2,0.8523784722222223,0.8523784722222223,0.0,0.9701869791167476,0.0,100
synthetic_noisy_verifier_M4,4,GLM5,4,0.8887291953004437,0.8887291953004437,0.0,0.9701869791167476,0.0,100
synthetic_noisy_verifier_M4,4,GLM5,8,0.9082236659413535,0.9082236659413535,0.0,0.9701869791167476,0.0,100
synthetic_noisy_verifier_M4,4,GLM5,16,0.919210795072079,0.919210795072079,0.0,0.9701869791167476,0.0,100
synthetic_noisy_verifier_M4,4,GLM5,32,0.9272253932127427,0.9272253932127427,0.0,0.9701869791167476,0.0,100
synthetic_noisy_verifier_M4,4,GLM5,48,0.9314395026514751,0.9314395026514751,0.0,0.9701869791167476,0.0,100
synthetic_noisy_verifier_M4,4,Gemma3n2B,1,0.65375,0.65375,0.0,0.9756742528810778,0.0,100
synthetic_noisy_verifier_M4,4,Gemma3n2B,2,0.716015625,0.716015625,0.0,0.9756742528810778,0.0,100
synthetic_noisy_verifier_M4,4,Gemma3n2B,4,0.7607263296621818,0.7607263296621818,0.0,0.9756742528810778,0.0,100
synthetic_noisy_verifier_M4,4,Gemma3n2B,8,0.7917865149487662,0.7917865149487662,0.0,0.9756742528810778,0.0,100
synthetic_noisy_verifier_M4,4,Gemma3n2B,16,0.8133402734059804,0.8133402734059804,0.0,0.9756742528810778,0.0,100
synthetic_noisy_verifier_M4,4,Gemma3n2B,32,0.8291690744727608,0.8291690744727608,0.0,0.9756742528810778,0.0,100
synthetic_noisy_verifier_M4,4,Gemma3n2B,48,0.836156279508892,0.836156279508892,0.0,0.9756742528810778,0.0,100
synthetic_noisy_verifier_M4,4,Gemma3n4B,1,0.72875,0.72875,0.0,0.9755992006884342,0.0,100
synthetic_noisy_verifier_M4,4,Gemma3n4B,2,0.7674131944444444,0.7674131944444444,0.0,0.9755992006884342,0.0,100
synthetic_noisy_verifier_M4,4,Gemma3n4B,4,0.7977170666353203,0.7977170666353203,0.0,0.9755992006884342,0.0,100
synthetic_noisy_verifier_M4,4,Gemma3n4B,8,0.8233351453681839,0.8233351453681839,0.0,0.9755992006884342,0.0,100
synthetic_noisy_verifier_M4,4,Gemma3n4B,16,0.8473161242250259,0.8473161242250259,0.0,0.9755992006884342,0.0,100
synthetic_noisy_verifier_M4,4,Gemma3n4B,32,0.8704280796597702,0.8704280796597702,0.0,0.9755992006884342,0.0,100
synthetic_noisy_verifier_M4,4,Gemma3n4B,48,0.8821255514168262,0.8821255514168262,0.0,0.9755992006884342,0.0,100
synthetic_noisy_verifier_M4,4,KimiK2,1,0.7314583333333333,0.7314583333333333,0.0,0.9618578236615262,0.0,100
synthetic_noisy_verifier_M4,4,KimiK2,2,0.7683984375,0.7683984375,0.0,0.9618578236615262,0.0,100
synthetic_noisy_verifier_M4,4,KimiK2,4,0.7994179337112992,0.7994179337112992,0.0,0.9618578236615262,0.0,100
synthetic_noisy_verifier_M4,4,KimiK2,8,0.8235119030610798,0.8235119030610798,0.0,0.9618578236615262,0.0,100
synthetic_noisy_verifier_M4,4,KimiK2,16,0.8419291096948253,0.8419291096948253,0.0,0.9618578236615262,0.0,100
synthetic_noisy_verifier_M4,4,KimiK2,32,0.8570705099178901,0.8570705099178901,0.0,0.9618578236615262,0.0,100
synthetic_noisy_verifier_M4,4,KimiK2,48,0.8646794389069197,0.8646794389069197,0.0,0.9618578236615262,0.0,100
synthetic_noisy_verifier_M4,4,Maverick17B,1,0.7929166666666667,0.7929166666666667,0.0,0.9817229642449719,0.0,100
synthetic_noisy_verifier_M4,4,Maverick17B,2,0.8219097222222222,0.8219097222222222,0.0,0.9817229642449719,0.0,100
synthetic_noisy_verifier_M4,4,Maverick17B,4,0.845295809522087,0.845295809522087,0.0,0.9817229642449719,0.0,100
synthetic_noisy_verifier_M4,4,Maverick17B,8,0.8658226105902852,0.8658226105902852,0.0,0.9817229642449719,0.0,100
synthetic_noisy_verifier_M4,4,Maverick17B,16,0.8842538067191057,0.8842538067191057,0.0,0.9817229642449719,0.0,100
synthetic_noisy_verifier_M4,4,Maverick17B,32,0.8997620024651973,0.8997620024651973,0.0,0.9817229642449719,0.0,100
synthetic_noisy_verifier_M4,4,Maverick17B,48,0.9070135629588385,0.9070135629588385,0.0,0.9817229642449719,0.0,100
synthetic_noisy_verifier_M4,4,MiniMax,1,0.653125,0.653125,0.0,0.9822998815468438,0.0,100
synthetic_noisy_verifier_M4,4,MiniMax,2,0.6935633680555555,0.6935633680555555,0.0,0.9822998815468438,0.0,100
synthetic_noisy_verifier_M4,4,MiniMax,4,0.7248711800280913,0.7248711800280913,0.0,0.9822998815468438,0.0,100
synthetic_noisy_verifier_M4,4,MiniMax,8,0.7491374550813168,0.7491374550813168,0.0,0.9822998815468438,0.0,100
synthetic_noisy_verifier_M4,4,MiniMax,16,0.7706828626994217,0.7706828626994217,0.0,0.9822998815468438,0.0,100
synthetic_noisy_verifier_M4,4,MiniMax,32,0.7926552872312869,0.7926552872312869,0.0,0.9822998815468438,0.0,100
synthetic_noisy_verifier_M4,4,MiniMax,48,0.8050584040958728,0.8050584040958728,0.0,0.9822998815468438,0.0,100
synthetic_noisy_verifier_M4,4,Ministral14B,1,0.668125,0.668125,0.0,0.9676174603454759,0.0,100
synthetic_noisy_verifier_M4,4,Ministral14B,2,0.7010894097222223,0.7010894097222223,0.0,0.9676174603454759,0.0,100
synthetic_noisy_verifier_M4,4,Ministral14B,4,0.722052226125458,0.722052226125458,0.0,0.9676174603454759,0.0,100
synthetic_noisy_verifier_M4,4,Ministral14B,8,0.739476369897514,0.739476369897514,0.0,0.9676174603454759,0.0,100
synthetic_noisy_verifier_M4,4,Ministral14B,16,0.7564295526164727,0.7564295526164727,0.0,0.9676174603454759,0.0,100
synthetic_noisy_verifier_M4,4,Ministral14B,32,0.7721309262930908,0.7721309262930908,0.0,0.9676174603454759,0.0,100
synthetic_noisy_verifier_M4,4,Ministral14B,48,0.7793641033482223,0.7793641033482223,0.0,0.9676174603454759,0.0,100
synthetic_noisy_verifier_M4,4,MistralLarge675B,1,0.715625,0.715625,0.0,0.9558137643799349,0.0,100
synthetic_noisy_verifier_M4,4,MistralLarge675B,2,0.7371397569444446,0.7371397569444446,0.0,0.9558137643799349,0.0,100
synthetic_noisy_verifier_M4,4,MistralLarge675B,4,0.7539881520212433,0.7539881520212433,0.0,0.9558137643799349,0.0,100
synthetic_noisy_verifier_M4,4,MistralLarge675B,8,0.7663762593257044,0.7663762593257044,0.0,0.9558137643799349,0.0,100
synthetic_noisy_verifier_M4,4,MistralLarge675B,16,0.7728854401337918,0.7728854401337918,0.0,0.9558137643799349,0.0,100
synthetic_noisy_verifier_M4,4,MistralLarge675B,32,0.7766501162583316,0.7766501162583316,0.0,0.9558137643799349,0.0,100
synthetic_noisy_verifier_M4,4,MistralLarge675B,48,0.7783741293415386,0.7783741293415386,0.0,0.9558137643799349,0.0,100
synthetic_noisy_verifier_M4,4,MistralNemotron,1,0.7254166666666667,0.7254166666666667,0.0,0.9677660501405028,0.0,100
synthetic_noisy_verifier_M4,4,MistralNemotron,2,0.7553645833333333,0.7553645833333333,0.0,0.9677660501405028,0.0,100
synthetic_noisy_verifier_M4,4,MistralNemotron,4,0.7777793149594907,0.7777793149594907,0.0,0.9677660501405028,0.0,100
synthetic_noisy_verifier_M4,4,MistralNemotron,8,0.7981072857660323,0.7981072857660323,0.0,0.9677660501405028,0.0,100
synthetic_noisy_verifier_M4,4,MistralNemotron,16,0.8148220183947812,0.8148220183947812,0.0,0.9677660501405028,0.0,100
synthetic_noisy_verifier_M4,4,MistralNemotron,32,0.8251584364786092,0.8251584364786092,0.0,0.9677660501405028,0.0,100
synthetic_noisy_verifier_M4,4,MistralNemotron,48,0.8280851746371405,0.8280851746371405,0.0,0.9677660501405028,0.0,100
synthetic_noisy_verifier_M4,4,MistralSmall119B,1,0.7093750000000001,0.7093750000000001,0.0,0.9768201762256925,0.0,100
synthetic_noisy_verifier_M4,4,MistralSmall119B,2,0.7409765625,0.7409765625,0.0,0.9768201762256925,0.0,100
synthetic_noisy_verifier_M4,4,MistralSmall119B,4,0.7651652413827401,0.7651652413827401,0.0,0.9768201762256925,0.0,100
synthetic_noisy_verifier_M4,4,MistralSmall119B,8,0.7840919966568924,0.7840919966568924,0.0,0.9768201762256925,0.0,100
synthetic_noisy_verifier_M4,4,MistralSmall119B,16,0.7989678648641007,0.7989678648641007,0.0,0.9768201762256925,0.0,100
synthetic_noisy_verifier_M4,4,MistralSmall119B,32,0.8104340916505373,0.8104340916505373,0.0,0.9768201762256925,0.0,100
synthetic_noisy_verifier_M4,4,MistralSmall119B,48,0.8148479829468497,0.8148479829468497,0.0,0.9768201762256925,0.0,100
synthetic_noisy_verifier_M4,4,Mixtral8x22B,1,0.44375,0.44375,0.0,0.9712210487243897,0.0,100
synthetic_noisy_verifier_M4,4,Mixtral8x22B,2,0.5308940972222222,0.5308940972222222,0.0,0.9712210487243897,0.0,100
synthetic_noisy_verifier_M4,4,Mixtral8x22B,4,0.6032119675624518,0.6032119675624518,0.0,0.9712210487243897,0.0,100
synthetic_noisy_verifier_M4,4,Mixtral8x22B,8,0.6669327576157431,0.6669327576157431,0.0,0.9712210487243897,0.0,100
synthetic_noisy_verifier_M4,4,Mixtral8x22B,16,0.7224466033943436,0.7224466033943436,0.0,0.9712210487243897,0.0,100
synthetic_noisy_verifier_M4,4,Mixtral8x22B,32,0.7665473959807132,0.7665473959807132,0.0,0.9712210487243897,0.0,100
synthetic_noisy_verifier_M4,4,Mixtral8x22B,48,0.785253633409761,0.785253633409761,0.0,0.9712210487243897,0.0,100
synthetic_noisy_verifier_M4,4,Mixtral8x7B,1,0.23979166666666665,0.23979166666666665,0.0,0.9656855584123465,0.0,100
synthetic_noisy_verifier_M4,4,Mixtral8x7B,2,0.3318446180555555,0.3318446180555555,0.0,0.9656855584123465,0.0,100
synthetic_noisy_verifier_M4,4,Mixtral8x7B,4,0.42741211879400565,0.42741211879400565,0.0,0.9656855584123465,0.0,100
synthetic_noisy_verifier_M4,4,Mixtral8x7B,8,0.5150683333049024,0.5150683333049024,0.0,0.9656855584123465,0.0,100
synthetic_noisy_verifier_M4,4,Mixtral8x7B,16,0.5899860234743675,0.5899860234743675,0.0,0.9656855584123465,0.0,100
synthetic_noisy_verifier_M4,4,Mixtral8x7B,32,0.650309200459656,0.650309200459656,0.0,0.9656855584123465,0.0,100
synthetic_noisy_verifier_M4,4,Mixtral8x7B,48,0.677235411525256,0.677235411525256,0.0,0.9656855584123465,0.0,100
synthetic_noisy_verifier_M4,4,Qwen122B,1,0.7802083333333333,0.7802083333333333,0.0,0.9780404451072132,0.0,100
synthetic_noisy_verifier_M4,4,Qwen122B,2,0.798302951388889,0.798302951388889,0.0,0.9780404451072132,0.0,100
synthetic_noisy_verifier_M4,4,Qwen122B,4,0.8127618954505449,0.8127618954505449,0.0,0.9780404451072132,0.0,100
synthetic_noisy_verifier_M4,4,Qwen122B,8,0.8263566880707299,0.8263566880707299,0.0,0.9780404451072132,0.0,100
synthetic_noisy_verifier_M4,4,Qwen122B,16,0.8395900834739273,0.8395900834739273,0.0,0.9780404451072132,0.0,100
synthetic_noisy_verifier_M4,4,Qwen122B,32,0.8500856268375188,0.8500856268375188,0.0,0.9780404451072132,0.0,100
synthetic_noisy_verifier_M4,4,Qwen122B,48,0.8543094230797514,0.8543094230797514,0.0,0.9780404451072132,0.0,100
synthetic_noisy_verifier_M4,4,Qwen397B,1,0.75625,0.75625,0.0,0.948168033577219,0.0,100
synthetic_noisy_verifier_M4,4,Qwen397B,2,0.777578125,0.777578125,0.0,0.948168033577219,0.0,100
synthetic_noisy_verifier_M4,4,Qwen397B,4,0.7948236875180845,0.7948236875180845,0.0,0.948168033577219,0.0,100
synthetic_noisy_verifier_M4,4,Qwen397B,8,0.8090489532658702,0.8090489532658702,0.0,0.948168033577219,0.0,100
synthetic_noisy_verifier_M4,4,Qwen397B,16,0.8200795448749979,0.8200795448749979,0.0,0.948168033577219,0.0,100
synthetic_noisy_verifier_M4,4,Qwen397B,32,0.8297981459379968,0.8297981459379968,0.0,0.948168033577219,0.0,100
synthetic_noisy_verifier_M4,4,Qwen397B,48,0.8356202511007389,0.8356202511007389,0.0,0.948168033577219,0.0,100
synthetic_noisy_verifier_M4,4,QwenNext80B,1,0.7625,0.7625,0.0,0.9773014614828863,0.0,100
synthetic_noisy_verifier_M4,4,QwenNext80B,2,0.7901475694444445,0.7901475694444445,0.0,0.9773014614828863,0.0,100
synthetic_noisy_verifier_M4,4,QwenNext80B,4,0.8107685192720391,0.8107685192720391,0.0,0.9773014614828863,0.0,100
synthetic_noisy_verifier_M4,4,QwenNext80B,8,0.8258311773500231,0.8258311773500231,0.0,0.9773014614828863,0.0,100
synthetic_noisy_verifier_M4,4,QwenNext80B,16,0.8373776103671966,0.8373776103671966,0.0,0.9773014614828863,0.0,100
synthetic_noisy_verifier_M4,4,QwenNext80B,32,0.848333959735703,0.848333959735703,0.0,0.9773014614828863,0.0,100
synthetic_noisy_verifier_M4,4,QwenNext80B,48,0.8549880351750925,0.8549880351750925,0.0,0.9773014614828863,0.0,100
synthetic_noisy_verifier_M4,4,Stockmark100B,1,0.5735416666666667,0.5735416666666667,0.0,0.9659532558461957,0.0,100
synthetic_noisy_verifier_M4,4,Stockmark100B,2,0.6437109375,0.6437109375,0.0,0.9659532558461957,0.0,100
synthetic_noisy_verifier_M4,4,Stockmark100B,4,0.697119869656033,0.697119869656033,0.0,0.9659532558461957,0.0,100
synthetic_noisy_verifier_M4,4,Stockmark100B,8,0.739935402544953,0.739935402544953,0.0,0.9659532558461957,0.0,100
synthetic_noisy_verifier_M4,4,Stockmark100B,16,0.7749916506087052,0.7749916506087052,0.0,0.9659532558461957,0.0,100
synthetic_noisy_verifier_M4,4,Stockmark100B,32,0.8039385900448788,0.8039385900448788,0.0,0.9659532558461957,0.0,100
synthetic_noisy_verifier_M4,4,Stockmark100B,48,0.8178833607155565,0.8178833607155565,0.0,0.9659532558461957,0.0,100
synthetic_noisy_verifier_M4,4,Super120B,1,0.6970833333333333,0.6970833333333333,0.0,0.9701235426966917,0.0,100
synthetic_noisy_verifier_M4,4,Super120B,2,0.7405989583333333,0.7405989583333333,0.0,0.9701235426966917,0.0,100
synthetic_noisy_verifier_M4,4,Super120B,4,0.7757049899631077,0.7757049899631077,0.0,0.9701235426966917,0.0,100
synthetic_noisy_verifier_M4,4,Super120B,8,0.803125207536853,0.803125207536853,0.0,0.9701235426966917,0.0,100
synthetic_noisy_verifier_M4,4,Super120B,16,0.8252892609512483,0.8252892609512483,0.0,0.9701235426966917,0.0,100
synthetic_noisy_verifier_M4,4,Super120B,32,0.8444193212155718,0.8444193212155718,0.0,0.9701235426966917,0.0,100
synthetic_noisy_verifier_M4,4,Super120B,48,0.8540407103199652,0.8540407103199652,0.0,0.9701235426966917,0.0,100
synthetic_noisy_verifier_M4,4,Super49B,1,0.6654166666666668,0.6654166666666668,0.0,0.9601931016451729,0.0,100
synthetic_noisy_verifier_M4,4,Super49B,2,0.7090972222222223,0.7090972222222223,0.0,0.9601931016451729,0.0,100
synthetic_noisy_verifier_M4,4,Super49B,4,0.744255340952932,0.744255340952932,0.0,0.9601931016451729,0.0,100
synthetic_noisy_verifier_M4,4,Super49B,8,0.7737650586626634,0.7737650586626634,0.0,0.9601931016451729,0.0,100
synthetic_noisy_verifier_M4,4,Super49B,16,0.7969964410288332,0.7969964410288332,0.0,0.9601931016451729,0.0,100
synthetic_noisy_verifier_M4,4,Super49B,32,0.8135005332836743,0.8135005332836743,0.0,0.9601931016451729,0.0,100
synthetic_noisy_verifier_M4,4,Super49B,48,0.8201801303637984,0.8201801303637984,0.0,0.9601931016451729,0.0,100
synthetic_noisy_verifier_M4,4,Ultra253B,1,0.8761160714285714,0.8761160714285714,0.0,0.9895833333333333,0.0,56
synthetic_noisy_verifier_M4,4,Ultra253B,2,0.8897181919642857,0.8897181919642857,0.0,0.9895833333333333,0.0,56
synthetic_noisy_verifier_M4,4,Ultra253B,4,0.8925375257219587,0.8925375257219587,0.0,0.9895833333333333,0.0,56
synthetic_noisy_verifier_M4,4,Ultra253B,8,0.8928504015244211,0.8928504015244211,0.0,0.9895833333333333,0.0,56
synthetic_noisy_verifier_M4,4,Ultra253B,16,0.8928571401303181,0.8928571401303181,0.0,0.9895833333333333,0.0,56
synthetic_noisy_verifier_M4,4,Ultra253B,32,0.8928571428571425,0.8928571428571425,0.0,0.9895833333333333,0.0,56
synthetic_noisy_verifier_M4,4,Ultra253B,48,0.8928571428571429,0.8928571428571429,0.0,0.9895833333333333,0.0,56
synthetic_noisy_verifier_M8,8,3B,1,0.37962962962962965,0.37962962962962965,0.0,0.9968360431314902,0.0,99
synthetic_noisy_verifier_M8,8,3B,2,0.49497579966329963,0.49497579966329963,0.0,0.9968360431314902,0.0,99
synthetic_noisy_verifier_M8,8,3B,4,0.5945080758211455,0.5945080758211455,0.0,0.9968360431314902,0.0,99
synthetic_noisy_verifier_M8,8,3B,8,0.6723089733062555,0.6723089733062555,0.0,0.9968360431314902,0.0,99
synthetic_noisy_verifier_M8,8,3B,16,0.7307094597856556,0.7307094597856556,0.0,0.9968360431314902,0.0,99
synthetic_noisy_verifier_M8,8,3B,32,0.7761601264861928,0.7761601264861928,0.0,0.9968360431314902,0.0,99
synthetic_noisy_verifier_M8,8,3B,48,0.7981305326120485,0.7981305326120485,0.0,0.9968360431314902,0.0,99
synthetic_noisy_verifier_M8,8,70B,1,0.6716666666666667,0.6716666666666667,0.0,0.9942106641664326,0.0,100
synthetic_noisy_verifier_M8,8,70B,2,0.7265538194444445,0.7265538194444445,0.0,0.9942106641664326,0.0,100
synthetic_noisy_verifier_M8,8,70B,4,0.7629991733880691,0.7629991733880691,0.0,0.9942106641664326,0.0,100
synthetic_noisy_verifier_M8,8,70B,8,0.7882740002533539,0.7882740002533539,0.0,0.9942106641664326,0.0,100
synthetic_noisy_verifier_M8,8,70B,16,0.8074943104411594,0.8074943104411594,0.0,0.9942106641664326,0.0,100
synthetic_noisy_verifier_M8,8,70B,32,0.8224852896796305,0.8224852896796305,0.0,0.9942106641664326,0.0,100
synthetic_noisy_verifier_M8,8,70B,48,0.8293795198079161,0.8293795198079161,0.0,0.9942106641664326,0.0,100
synthetic_noisy_verifier_M8,8,8B,1,0.39604166666666674,0.39604166666666674,0.0,0.9955250842806678,0.0,100
synthetic_noisy_verifier_M8,8,8B,2,0.5173741319444445,0.5173741319444445,0.0,0.9955250842806678,0.0,100
synthetic_noisy_verifier_M8,8,8B,4,0.6208513405882282,0.6208513405882282,0.0,0.9955250842806678,0.0,100
synthetic_noisy_verifier_M8,8,8B,8,0.6957656903503122,0.6957656903503122,0.0,0.9955250842806678,0.0,100
synthetic_noisy_verifier_M8,8,8B,16,0.7456626758583857,0.7456626758583857,0.0,0.9955250842806678,0.0,100
synthetic_noisy_verifier_M8,8,8B,32,0.778501741877646,0.778501741877646,0.0,0.9955250842806678,0.0,100
synthetic_noisy_verifier_M8,8,8B,48,0.791804346301576,0.791804346301576,0.0,0.9955250842806678,0.0,100
synthetic_noisy_verifier_M8,8,Dracarys70B,1,0.55,0.55,0.0,0.9962038967287491,0.0,100
synthetic_noisy_verifier_M8,8,Dracarys70B,2,0.6356944444444445,0.6356944444444445,0.0,0.9962038967287491,0.0,100
synthetic_noisy_verifier_M8,8,Dracarys70B,4,0.6977320089457948,0.6977320089457948,0.0,0.9962038967287491,0.0,100
synthetic_noisy_verifier_M8,8,Dracarys70B,8,0.7411089391667396,0.7411089391667396,0.0,0.9962038967287491,0.0,100
synthetic_noisy_verifier_M8,8,Dracarys70B,16,0.7709319615954052,0.7709319615954052,0.0,0.9962038967287491,0.0,100
synthetic_noisy_verifier_M8,8,Dracarys70B,32,0.7923728374293091,0.7923728374293091,0.0,0.9962038967287491,0.0,100
synthetic_noisy_verifier_M8,8,Dracarys70B,48,0.8022692513310118,0.8022692513310118,0.0,0.9962038967287491,0.0,100
synthetic_noisy_verifier_M8,8,GLM5,1,0.7966666666666665,0.7966666666666665,0.0,0.9967579099929116,0.0,100
synthetic_noisy_verifier_M8,8,GLM5,2,0.8558680555555556,0.8558680555555556,0.0,0.9967579099929116,0.0,100
synthetic_noisy_verifier_M8,8,GLM5,4,0.8945945381823883,0.8945945381823883,0.0,0.9967579099929116,0.0,100
synthetic_noisy_verifier_M8,8,GLM5,8,0.913723392624221,0.913723392624221,0.0,0.9967579099929116,0.0,100
synthetic_noisy_verifier_M8,8,GLM5,16,0.9231822782156164,0.9231822782156164,0.0,0.9967579099929116,0.0,100
synthetic_noisy_verifier_M8,8,GLM5,32,0.9321377504230922,0.9321377504230922,0.0,0.9967579099929116,0.0,100
synthetic_noisy_verifier_M8,8,GLM5,48,0.9377828783240456,0.9377828783240456,0.0,0.9967579099929116,0.0,100
synthetic_noisy_verifier_M8,8,Gemma3n2B,1,0.65375,0.65375,0.0,0.9956086878329237,0.0,100
synthetic_noisy_verifier_M8,8,Gemma3n2B,2,0.7191493055555557,0.7191493055555557,0.0,0.9956086878329237,0.0,100
synthetic_noisy_verifier_M8,8,Gemma3n2B,4,0.7651842960310572,0.7651842960310572,0.0,0.9956086878329237,0.0,100
synthetic_noisy_verifier_M8,8,Gemma3n2B,8,0.7975898244215276,0.7975898244215276,0.0,0.9956086878329237,0.0,100
synthetic_noisy_verifier_M8,8,Gemma3n2B,16,0.8208443707102048,0.8208443707102048,0.0,0.9956086878329237,0.0,100
synthetic_noisy_verifier_M8,8,Gemma3n2B,32,0.8384383679411737,0.8384383679411737,0.0,0.9956086878329237,0.0,100
synthetic_noisy_verifier_M8,8,Gemma3n2B,48,0.8465089740504135,0.8465089740504135,0.0,0.9956086878329237,0.0,100
synthetic_noisy_verifier_M8,8,Gemma3n4B,1,0.72875,0.72875,0.0,0.9971733472373421,0.0,100
synthetic_noisy_verifier_M8,8,Gemma3n4B,2,0.7693315972222223,0.7693315972222223,0.0,0.9971733472373421,0.0,100
synthetic_noisy_verifier_M8,8,Gemma3n4B,4,0.8004523194866416,0.8004523194866416,0.0,0.9971733472373421,0.0,100
synthetic_noisy_verifier_M8,8,Gemma3n4B,8,0.8263319493549877,0.8263319493549877,0.0,0.9971733472373421,0.0,100
synthetic_noisy_verifier_M8,8,Gemma3n4B,16,0.8507228835274339,0.8507228835274339,0.0,0.9971733472373421,0.0,100
synthetic_noisy_verifier_M8,8,Gemma3n4B,32,0.8741130335670648,0.8741130335670648,0.0,0.9971733472373421,0.0,100
synthetic_noisy_verifier_M8,8,Gemma3n4B,48,0.8852789361630832,0.8852789361630832,0.0,0.9971733472373421,0.0,100
synthetic_noisy_verifier_M8,8,KimiK2,1,0.7314583333333333,0.7314583333333333,0.0,0.9963145915972552,0.0,100
synthetic_noisy_verifier_M8,8,KimiK2,2,0.7716536458333334,0.7716536458333334,0.0,0.9963145915972552,0.0,100
synthetic_noisy_verifier_M8,8,KimiK2,4,0.8047078620062933,0.8047078620062933,0.0,0.9963145915972552,0.0,100
synthetic_noisy_verifier_M8,8,KimiK2,8,0.8292156517936633,0.8292156517936633,0.0,0.9963145915972552,0.0,100
synthetic_noisy_verifier_M8,8,KimiK2,16,0.8492003096999408,0.8492003096999408,0.0,0.9963145915972552,0.0,100
synthetic_noisy_verifier_M8,8,KimiK2,32,0.8696852789289795,0.8696852789289795,0.0,0.9963145915972552,0.0,100
synthetic_noisy_verifier_M8,8,KimiK2,48,0.8822068936763966,0.8822068936763966,0.0,0.9963145915972552,0.0,100
synthetic_noisy_verifier_M8,8,Maverick17B,1,0.7929166666666667,0.7929166666666667,0.0,0.992359556030734,0.0,100
synthetic_noisy_verifier_M8,8,Maverick17B,2,0.8227083333333333,0.8227083333333333,0.0,0.992359556030734,0.0,100
synthetic_noisy_verifier_M8,8,Maverick17B,4,0.8470355902777778,0.8470355902777778,0.0,0.992359556030734,0.0,100
synthetic_noisy_verifier_M8,8,Maverick17B,8,0.8683432728323147,0.8683432728323147,0.0,0.992359556030734,0.0,100
synthetic_noisy_verifier_M8,8,Maverick17B,16,0.8862263279054946,0.8862263279054946,0.0,0.992359556030734,0.0,100
synthetic_noisy_verifier_M8,8,Maverick17B,32,0.8984421556396781,0.8984421556396781,0.0,0.992359556030734,0.0,100
synthetic_noisy_verifier_M8,8,Maverick17B,48,0.9028063038995789,0.9028063038995789,0.0,0.992359556030734,0.0,100
synthetic_noisy_verifier_M8,8,MiniMax,1,0.653125,0.653125,0.0,0.9972369320379536,0.0,100
synthetic_noisy_verifier_M8,8,MiniMax,2,0.6956206597222223,0.6956206597222223,0.0,0.9972369320379536,0.0,100
synthetic_noisy_verifier_M8,8,MiniMax,4,0.7283804415479119,0.7283804415479119,0.0,0.9972369320379536,0.0,100
synthetic_noisy_verifier_M8,8,MiniMax,8,0.75267307665199,0.75267307665199,0.0,0.9972369320379536,0.0,100
synthetic_noisy_verifier_M8,8,MiniMax,16,0.770723494867442,0.770723494867442,0.0,0.9972369320379536,0.0,100
synthetic_noisy_verifier_M8,8,MiniMax,32,0.7852979664390313,0.7852979664390313,0.0,0.9972369320379536,0.0,100
synthetic_noisy_verifier_M8,8,MiniMax,48,0.7918635383480022,0.7918635383480022,0.0,0.9972369320379536,0.0,100
synthetic_noisy_verifier_M8,8,Ministral14B,1,0.668125,0.668125,0.0,0.9946195372032844,0.0,100
synthetic_noisy_verifier_M8,8,Ministral14B,2,0.7030425347222223,0.7030425347222223,0.0,0.9946195372032844,0.0,100
synthetic_noisy_verifier_M8,8,Ministral14B,4,0.7247675558961467,0.7247675558961467,0.0,0.9946195372032844,0.0,100
synthetic_noisy_verifier_M8,8,Ministral14B,8,0.7428615535941898,0.7428615535941898,0.0,0.9946195372032844,0.0,100
synthetic_noisy_verifier_M8,8,Ministral14B,16,0.7606136460145752,0.7606136460145752,0.0,0.9946195372032844,0.0,100
synthetic_noisy_verifier_M8,8,Ministral14B,32,0.778387929728879,0.778387929728879,0.0,0.9946195372032844,0.0,100
synthetic_noisy_verifier_M8,8,Ministral14B,48,0.7872373462667739,0.7872373462667739,0.0,0.9946195372032844,0.0,100
synthetic_noisy_verifier_M8,8,MistralLarge675B,1,0.715625,0.715625,0.0,0.9975571650523563,0.0,100
synthetic_noisy_verifier_M8,8,MistralLarge675B,2,0.7384592013888889,0.7384592013888889,0.0,0.9975571650523563,0.0,100
synthetic_noisy_verifier_M8,8,MistralLarge675B,4,0.7570237769609617,0.7570237769609617,0.0,0.9975571650523563,0.0,100
synthetic_noisy_verifier_M8,8,MistralLarge675B,8,0.7722094085614697,0.7722094085614697,0.0,0.9975571650523563,0.0,100
synthetic_noisy_verifier_M8,8,MistralLarge675B,16,0.7834557352786077,0.7834557352786077,0.0,0.9975571650523563,0.0,100
synthetic_noisy_verifier_M8,8,MistralLarge675B,32,0.793279801186575,0.793279801186575,0.0,0.9975571650523563,0.0,100
synthetic_noisy_verifier_M8,8,MistralLarge675B,48,0.7986105214751782,0.7986105214751782,0.0,0.9975571650523563,0.0,100
synthetic_noisy_verifier_M8,8,MistralNemotron,1,0.7254166666666667,0.7254166666666667,0.0,0.996704421662082,0.0,100
synthetic_noisy_verifier_M8,8,MistralNemotron,2,0.7572222222222221,0.7572222222222221,0.0,0.996704421662082,0.0,100
synthetic_noisy_verifier_M8,8,MistralNemotron,4,0.7813265124662422,0.7813265124662422,0.0,0.996704421662082,0.0,100
synthetic_noisy_verifier_M8,8,MistralNemotron,8,0.8036943012182673,0.8036943012182673,0.0,0.996704421662082,0.0,100
synthetic_noisy_verifier_M8,8,MistralNemotron,16,0.822209273588766,0.822209273588766,0.0,0.996704421662082,0.0,100
synthetic_noisy_verifier_M8,8,MistralNemotron,32,0.8352687056871727,0.8352687056871727,0.0,0.996704421662082,0.0,100
synthetic_noisy_verifier_M8,8,MistralNemotron,48,0.8408290280267912,0.8408290280267912,0.0,0.996704421662082,0.0,100
synthetic_noisy_verifier_M8,8,MistralSmall119B,1,0.7093750000000001,0.7093750000000001,0.0,0.9943434303380467,0.0,100
synthetic_noisy_verifier_M8,8,MistralSmall119B,2,0.742287326388889,0.742287326388889,0.0,0.9943434303380467,0.0,100
synthetic_noisy_verifier_M8,8,MistralSmall119B,4,0.767035023253641,0.767035023253641,0.0,0.9943434303380467,0.0,100
synthetic_noisy_verifier_M8,8,MistralSmall119B,8,0.7868663069099878,0.7868663069099878,0.0,0.9943434303380467,0.0,100
synthetic_noisy_verifier_M8,8,MistralSmall119B,16,0.8031016149362883,0.8031016149362883,0.0,0.9943434303380467,0.0,100
synthetic_noisy_verifier_M8,8,MistralSmall119B,32,0.8148294393961621,0.8148294393961621,0.0,0.9943434303380467,0.0,100
synthetic_noisy_verifier_M8,8,MistralSmall119B,48,0.8183228950550118,0.8183228950550118,0.0,0.9943434303380467,0.0,100
synthetic_noisy_verifier_M8,8,Mixtral8x22B,1,0.44375,0.44375,0.0,0.9958288658886018,0.0,100
synthetic_noisy_verifier_M8,8,Mixtral8x22B,2,0.536015625,0.536015625,0.0,0.9958288658886018,0.0,100
synthetic_noisy_verifier_M8,8,Mixtral8x22B,4,0.6140198771158853,0.6140198771158853,0.0,0.9958288658886018,0.0,100
synthetic_noisy_verifier_M8,8,Mixtral8x22B,8,0.6846284036046988,0.6846284036046988,0.0,0.9958288658886018,0.0,100
synthetic_noisy_verifier_M8,8,Mixtral8x22B,16,0.7470289343569355,0.7470289343569355,0.0,0.9958288658886018,0.0,100
synthetic_noisy_verifier_M8,8,Mixtral8x22B,32,0.7943844610023743,0.7943844610023743,0.0,0.9958288658886018,0.0,100
synthetic_noisy_verifier_M8,8,Mixtral8x22B,48,0.8128392598277884,0.8128392598277884,0.0,0.9958288658886018,0.0,100
synthetic_noisy_verifier_M8,8,Mixtral8x7B,1,0.23979166666666665,0.23979166666666665,0.0,0.9966311540293611,0.0,100
synthetic_noisy_verifier_M8,8,Mixtral8x7B,2,0.3379557291666667,0.3379557291666667,0.0,0.9966311540293611,0.0,100
synthetic_noisy_verifier_M8,8,Mixtral8x7B,4,0.44220456158673327,0.44220456158673327,0.0,0.9966311540293611,0.0,100
synthetic_noisy_verifier_M8,8,Mixtral8x7B,8,0.5388672919175481,0.5388672919175481,0.0,0.9966311540293611,0.0,100
synthetic_noisy_verifier_M8,8,Mixtral8x7B,16,0.6191576780079372,0.6191576780079372,0.0,0.9966311540293611,0.0,100
synthetic_noisy_verifier_M8,8,Mixtral8x7B,32,0.6792324986180218,0.6792324986180218,0.0,0.9966311540293611,0.0,100
synthetic_noisy_verifier_M8,8,Mixtral8x7B,48,0.7053530880337695,0.7053530880337695,0.0,0.9966311540293611,0.0,100
synthetic_noisy_verifier_M8,8,Qwen122B,1,0.7802083333333333,0.7802083333333333,0.0,0.9888553477761814,0.0,100
synthetic_noisy_verifier_M8,8,Qwen122B,2,0.7991623263888888,0.7991623263888888,0.0,0.9888553477761814,0.0,100
synthetic_noisy_verifier_M8,8,Qwen122B,4,0.813976845446928,0.813976845446928,0.0,0.9888553477761814,0.0,100
synthetic_noisy_verifier_M8,8,Qwen122B,8,0.826961077000374,0.826961077000374,0.0,0.9888553477761814,0.0,100
synthetic_noisy_verifier_M8,8,Qwen122B,16,0.8396070693405149,0.8396070693405149,0.0,0.9888553477761814,0.0,100
synthetic_noisy_verifier_M8,8,Qwen122B,32,0.849462009497048,0.849462009497048,0.0,0.9888553477761814,0.0,100
synthetic_noisy_verifier_M8,8,Qwen122B,48,0.8531940196498137,0.8531940196498137,0.0,0.9888553477761814,0.0,100
synthetic_noisy_verifier_M8,8,Qwen397B,1,0.75625,0.75625,0.0,0.9970652993109389,0.0,100
synthetic_noisy_verifier_M8,8,Qwen397B,2,0.7792447916666667,0.7792447916666667,0.0,0.9970652993109389,0.0,100
synthetic_noisy_verifier_M8,8,Qwen397B,4,0.798149334942853,0.798149334942853,0.0,0.9970652993109389,0.0,100
synthetic_noisy_verifier_M8,8,Qwen397B,8,0.8144884546590666,0.8144884546590666,0.0,0.9970652993109389,0.0,100
synthetic_noisy_verifier_M8,8,Qwen397B,16,0.827960217014516,0.827960217014516,0.0,0.9970652993109389,0.0,100
synthetic_noisy_verifier_M8,8,Qwen397B,32,0.8405758608037034,0.8405758608037034,0.0,0.9970652993109389,0.0,100
synthetic_noisy_verifier_M8,8,Qwen397B,48,0.8472805647116214,0.8472805647116214,0.0,0.9970652993109389,0.0,100
synthetic_noisy_verifier_M8,8,QwenNext80B,1,0.7625,0.7625,0.0,0.9968909952303168,0.0,100
synthetic_noisy_verifier_M8,8,QwenNext80B,2,0.7912413194444445,0.7912413194444445,0.0,0.9968909952303168,0.0,100
synthetic_noisy_verifier_M8,8,QwenNext80B,4,0.8125728993356964,0.8125728993356964,0.0,0.9968909952303168,0.0,100
synthetic_noisy_verifier_M8,8,QwenNext80B,8,0.8281829326289005,0.8281829326289005,0.0,0.9968909952303168,0.0,100
synthetic_noisy_verifier_M8,8,QwenNext80B,16,0.8406381209416304,0.8406381209416304,0.0,0.9968909952303168,0.0,100
synthetic_noisy_verifier_M8,8,QwenNext80B,32,0.8521115970020898,0.8521115970020898,0.0,0.9968909952303168,0.0,100
synthetic_noisy_verifier_M8,8,QwenNext80B,48,0.8581718110334348,0.8581718110334348,0.0,0.9968909952303168,0.0,100
synthetic_noisy_verifier_M8,8,Stockmark100B,1,0.5735416666666667,0.5735416666666667,0.0,0.9956615593970229,0.0,100
synthetic_noisy_verifier_M8,8,Stockmark100B,2,0.6472699652777778,0.6472699652777778,0.0,0.9956615593970229,0.0,100
synthetic_noisy_verifier_M8,8,Stockmark100B,4,0.7031551012580778,0.7031551012580778,0.0,0.9956615593970229,0.0,100
synthetic_noisy_verifier_M8,8,Stockmark100B,8,0.7491993438121669,0.7491993438121669,0.0,0.9956615593970229,0.0,100
synthetic_noisy_verifier_M8,8,Stockmark100B,16,0.7874814396635575,0.7874814396635575,0.0,0.9956615593970229,0.0,100
synthetic_noisy_verifier_M8,8,Stockmark100B,32,0.8186975419199146,0.8186975419199146,0.0,0.9956615593970229,0.0,100
synthetic_noisy_verifier_M8,8,Stockmark100B,48,0.833692801704382,0.833692801704382,0.0,0.9956615593970229,0.0,100
synthetic_noisy_verifier_M8,8,Super120B,1,0.6970833333333333,0.6970833333333333,0.0,0.9953147859188058,0.0,100
synthetic_noisy_verifier_M8,8,Super120B,2,0.7428732638888889,0.7428732638888889,0.0,0.9953147859188058,0.0,100
synthetic_noisy_verifier_M8,8,Super120B,4,0.7796873003170813,0.7796873003170813,0.0,0.9953147859188058,0.0,100
synthetic_noisy_verifier_M8,8,Super120B,8,0.8091082735657896,0.8091082735657896,0.0,0.9953147859188058,0.0,100
synthetic_noisy_verifier_M8,8,Super120B,16,0.8338776001722814,0.8338776001722814,0.0,0.9953147859188058,0.0,100
synthetic_noisy_verifier_M8,8,Super120B,32,0.853660422338603,0.853660422338603,0.0,0.9953147859188058,0.0,100
synthetic_noisy_verifier_M8,8,Super120B,48,0.8616055137579575,0.8616055137579575,0.0,0.9953147859188058,0.0,100
synthetic_noisy_verifier_M8,8,Super49B,1,0.6654166666666668,0.6654166666666668,0.0,0.9964050982064984,0.0,100
synthetic_noisy_verifier_M8,8,Super49B,2,0.7119444444444446,0.7119444444444446,0.0,0.9964050982064984,0.0,100
synthetic_noisy_verifier_M8,8,Super49B,4,0.7503766396604938,0.7503766396604938,0.0,0.9964050982064984,0.0,100
synthetic_noisy_verifier_M8,8,Super49B,8,0.7838729517112845,0.7838729517112845,0.0,0.9964050982064984,0.0,100
synthetic_noisy_verifier_M8,8,Super49B,16,0.8115823695551544,0.8115823695551544,0.0,0.9964050982064984,0.0,100
synthetic_noisy_verifier_M8,8,Super49B,32,0.833288424251201,0.833288424251201,0.0,0.9964050982064984,0.0,100
synthetic_noisy_verifier_M8,8,Super49B,48,0.8430028955102077,0.8430028955102077,0.0,0.9964050982064984,0.0,100
synthetic_noisy_verifier_M8,8,Ultra253B,1,0.8761160714285714,0.8761160714285714,0.0,1.0,0.0,56
synthetic_noisy_verifier_M8,8,Ultra253B,2,0.8902762276785714,0.8902762276785714,0.0,1.0,0.0,56
synthetic_noisy_verifier_M8,8,Ultra253B,4,0.8927555084228516,0.8927555084228516,0.0,1.0,0.0,56
synthetic_noisy_verifier_M8,8,Ultra253B,8,0.8928568409547941,0.8928568409547941,0.0,1.0,0.0,56
synthetic_noisy_verifier_M8,8,Ultra253B,16,0.8928571428529433,0.8928571428529433,0.0,1.0,0.0,56
synthetic_noisy_verifier_M8,8,Ultra253B,32,0.8928571428571429,0.8928571428571429,0.0,1.0,0.0,56
synthetic_noisy_verifier_M8,8,Ultra253B,48,0.8928571428571429,0.8928571428571429,0.0,1.0,0.0,56
